BLGADD, ,BLGMeteor, ,BLGKuro, ,BLGJinjiao, ,BLGXinMo, ,EDGJinoo, ,EDGJiejie, ,EDGScout, ,EDGiBoy, ,EDGMeiko, ,blue_economics,blue_towers,red_economics,red_towers,captions
3,96,4,98,2,99,0,97,2,95,94,5,96,5,95,2,97,3,93,3,2500,0,2500,0,[]
3,95,4,97,2,98,4,96,2,95,93,5,95,5,95,2,97,3,93,4,2500,0,2500,0,[]
4,95,4,95,3,94,5,96,3,94,92,4,94,4,93,6,94,6,94,6,2500,0,2500,0,[]
4,94,5,95,3,95,5,96,4,94,92,4,92,5,93,6,94,7,94,5,2500,0,2500,0,[]
14,73,18,77,20,80,28,94,22,86,70,7,73,17,80,22,82,25,81,22,2500,0,2500,0,[]
19,51,32,59,37,65,49,89,39,73,47,11,54,31,63,37,80,48,66,39,2500,0,2500,0,[]
23,33,34,42,49,53,69,81,51,65,29,20,40,37,51,42,75,66,64,57,2500,0,2500,0,[]
23,32,34,39,45,50,70,79,53,64,25,25,43,35,54,45,78,73,64,57,2500,0,2500,0,[]
21,38,33,43,44,52,69,79,54,63,22,27,42,32,54,47,71,67,64,57,2500,0,2500,0,[]
22,41,33,43,46,51,69,79,54,64,24,32,42,32,55,50,63,61,64,57,2500,0,2500,0,[]
23,40,33,43,44,51,69,79,52,65,26,32,91,11,54,59,62,62,63,61,2500,0,2500,0,[]
23,40,31,47,45,51,66,78,51,66,20,26,84,21,55,57,62,62,59,56,2500,0,2500,0,[]
23,40,30,53,44,58,56,75,51,66,24,33,80,31,47,56,59,58,47,55,2500,0,2522,0,[]
22,42,26,51,40,60,58,69,52,66,22,27,80,43,50,55,64,62,56,56,2500,0,2522,0,[]
21,38,17,43,37,58,58,70,51,67,22,28,76,53,54,56,73,63,65,62,2500,0,2522,0,[]
24,42,19,34,38,51,65,77,59,72,22,28,75,54,56,56,70,63,63,62,2500,0,2522,0,[]
25,41,21,36,43,54,72,85,67,79,26,30,75,53,56,56,75,56,73,62,2500,0,2522,0,[]
24,41,20,38,48,53,73,88,74,87,26,35,75,54,56,56,76,54,76,58,2500,0,2522,0,[]
24,43,23,46,49,49,81,90,83,89,24,33,74,53,54,49,76,55,75,57,2500,0,2522,0,[]
22,47,23,47,48,51,83,89,84,88,22,43,76,55,51,50,80,56,78,56,2621,0,2527,0,[]
19,45,21,50,48,50,81,87,81,84,23,35,77,55,49,49,86,65,86,65,2673,0,2548,0,[]
14,36,24,57,49,50,80,86,82,84,19,25,78,53,51,47,86,76,86,76,2779,0,2648,0,[]
11,26,23,58,53,47,81,85,80,86,16,15,69,47,54,42,84,82,84,81,2983,0,2764,0,[]
14,17,25,59,52,45,81,85,80,86,15,16,64,36,57,43,87,82,85,83,3211,0,2887,0,[]
11,18,30,60,52,48,80,86,82,85,16,14,54,30,52,44,85,80,85,80,3314,0,2974,0,[]
14,20,39,66,51,47,81,85,82,85,15,14,50,25,54,43,87,84,87,84,3407,0,3093,0,[]
11,18,48,73,51,47,76,87,77,88,16,14,48,25,54,45,81,88,81,88,3497,0,3223,0,[]
11,19,51,75,53,46,75,89,74,88,16,15,46,23,54,45,82,90,80,89,3608,0,3396,0,[]
14,21,51,75,52,47,75,89,75,87,15,14,47,17,57,43,82,84,82,88,3705,0,3469,0,[]
11,19,50,74,52,48,77,90,76,89,16,14,44,17,57,43,82,83,82,83,3785,0,3563,0,[]
13,18,47,71,54,50,76,88,75,88,17,12,45,16,57,43,83,87,83,87,3972,0,3748,0,[]
17,20,46,65,54,47,78,89,77,88,17,13,42,16,56,43,84,85,84,85,4048,0,3865,0,[]
13,17,48,66,52,48,78,88,76,88,16,11,45,16,55,45,84,86,85,86,4123,0,4004,0,[]
13,16,47,65,53,50,75,88,76,87,16,12,47,17,53,44,82,86,82,86,4294,0,4143,0,[]
15,17,55,67,57,57,76,89,76,87,17,11,51,28,53,44,81,84,81,84,4346,0,4227,0,[]
13,16,57,77,53,53,75,88,75,89,18,12,44,37,52,46,81,86,81,87,4505,0,4393,0,[]
15,16,54,83,51,53,72,90,73,89,18,10,37,42,53,47,81,87,79,83,4761,0,4504,0,[]
12,17,54,84,48,54,74,91,74,90,20,11,31,46,53,48,79,89,74,78,4841,0,4595,0,[]
12,18,53,85,49,54,74,89,74,90,16,11,18,44,51,46,79,88,79,88,4999,0,4700,0,[]
12,17,50,81,46,56,73,91,72,90,16,11,18,44,49,49,80,88,78,86,5072,0,4829,0,[]
14,18,45,71,46,55,71,92,72,91,15,10,18,44,48,49,79,88,77,86,5124,0,5051,0,[]
13,17,52,65,47,58,68,93,69,92,17,10,24,45,45,53,75,88,75,88,5301,0,5134,0,[]
12,15,57,68,46,56,68,90,71,91,19,10,30,39,54,52,76,79,76,79,5455,0,5211,0,[]
15,19,57,63,45,56,72,87,74,90,16,11,30,37,48,53,72,69,72,69,5556,0,5297,0,[]
16,16,52,62,45,56,71,82,73,89,21,10,37,38,47,51,63,62,63,62,5663,0,5460,0,[]
12,18,57,63,46,57,72,75,78,81,16,9,47,35,46,54,64,62,63,62,5735,0,5560,0,[]
13,19,63,63,48,53,72,67,74,71,15,12,47,36,48,49,73,62,68,63,5825,0,5636,0,[]
15,17,72,68,47,58,76,69,74,71,17,11,52,36,54,48,78,63,78,63,5972,0,5723,0,[]
15,13,70,76,46,54,79,78,79,76,24,10,53,34,54,48,79,65,79,65,6051,0,5857,0,[]
13,15,70,76,45,54,77,88,78,85,24,11,50,34,50,50,95,4,95,4,6124,0,5983,0,[]
10,13,4,94,46,54,77,89,78,86,21,11,52,33,46,51,94,13,93,8,6337,0,6062,0,[]
15,12,8,83,45,54,78,85,82,84,22,13,62,36,48,49,93,22,93,22,6486,0,6134,0,[]
13,14,14,72,46,54,81,84,84,83,19,15,72,44,50,49,92,33,92,33,6569,0,6204,0,[]
13,18,17,60,46,53,79,85,87,85,23,13,74,44,50,49,90,45,90,45,6704,0,6376,0,[]
12,14,20,49,47,54,79,85,87,85,18,15,78,48,51,50,90,56,90,56,6791,0,6427,0,[]
12,13,25,56,47,52,6,96,8,94,20,15,81,55,52,52,89,67,89,67,6904,0,6646,0,[]
12,19,23,55,47,54,10,96,17,86,19,12,81,56,52,49,90,69,90,69,6987,0,6822,0,[]
13,18,26,51,46,51,22,94,25,78,19,9,81,56,50,51,90,72,90,71,7165,0,7035,0,[]
16,18,32,44,42,41,32,93,33,66,20,14,81,56,55,47,88,71,89,71,7229,0,7155,0,[]
15,13,40,34,51,33,45,91,39,64,18,14,94,4,58,49,87,75,87,74,7303,0,7262,0,[]
18,13,38,24,49,42,56,90,48,66,24,11,83,7,55,46,87,75,87,73,7376,0,7392,0,[]
17,13,41,32,54,46,63,83,58,63,22,10,73,14,57,46,87,75,89,75,7508,0,7483,0,[]
15,12,42,19,53,44,67,78,59,71,21,13,64,21,57,45,86,80,80,76,7573,0,7619,0,[]
16,17,42,19,54,47,71,78,67,78,18,10,51,18,55,46,85,79,75,76,7739,0,7748,0,[]
18,18,41,25,53,47,74,87,73,85,18,11,43,18,60,40,84,80,84,79,7806,0,7885,0,[]
17,19,41,37,46,52,79,90,78,88,17,14,43,16,60,39,83,83,83,83,7878,0,8123,0,[]
16,18,45,42,47,49,77,89,78,87,21,12,45,16,94,4,82,80,82,80,7968,0,8268,0,[]
14,17,50,47,52,47,74,88,75,89,19,13,50,25,93,5,81,88,81,88,8189,0,8348,0,[]
13,19,52,49,51,49,77,88,76,88,18,13,51,35,56,46,82,86,82,86,8282,0,8464,0,[]
11,18,45,56,49,50,75,88,76,89,16,18,39,37,54,46,82,87,82,87,8597,0,8577,0,[]
7,22,46,65,40,50,75,89,77,89,11,21,30,39,55,48,80,86,80,86,8677,0,8715,0,[]
7,28,49,67,40,50,74,91,73,90,14,19,20,37,54,53,78,87,78,87,8815,0,8981,0,[]
5,34,53,63,50,52,68,90,70,91,11,23,15,37,55,49,75,90,75,90,9042,0,9113,0,[]
8,26,56,58,52,51,71,91,70,90,11,21,15,42,55,48,77,88,77,88,9192,0,9242,0,[]
11,30,55,48,55,46,75,89,74,87,11,24,15,42,55,47,82,86,82,86,9278,0,9421,0,[]
6,27,55,49,57,48,78,89,78,90,11,23,15,33,60,43,82,84,82,84,9350,0,9901,0,[]
5,31,54,55,56,49,75,89,76,90,9,25,11,34,57,44,80,86,80,86,9467,0,9966,0,"['6:16 EDGScout(½âÍÑÕß) »÷É±ÁË BLGKuro(»ÄÄ®ÍÀ·ò),»ñµÃÒ»Ñª']"
5,26,64,62,56,49,76,89,75,88,6,25,5,28,48,47,81,84,81,84,9540,0,10568,0,[]
5,26,68,65,56,49,77,87,79,86,6,25,8,23,47,50,82,78,82,78,9586,0,10719,0,['6:28 EDGJiejie(Ðé¿Õ¶ÝµØÊÞ) »÷É±ÁË BLGADD(×æ°²¿ñÈË)']
5,26,67,66,7,89,76,76,77,78,6,26,18,25,49,50,76,69,76,69,9737,0,10792,0,[]
5,26,72,63,14,80,74,65,75,68,7,25,23,36,54,49,75,59,75,59,9811,0,11025,0,[]
2,96,74,61,22,72,75,59,77,62,8,16,24,44,54,49,81,55,81,55,9876,0,11076,0,[]
8,26,75,69,31,65,76,71,79,72,8,16,24,42,90,7,80,56,80,56,10001,0,11132,0,[]
9,23,69,80,41,56,78,81,80,83,89,5,22,41,87,9,78,63,78,63,10123,0,11183,0,[]
15,17,58,82,48,50,80,90,78,87,88,5,24,39,78,19,84,66,84,66,10239,0,11334,0,[]
21,11,56,83,51,48,79,86,82,85,73,6,35,37,70,28,87,66,87,67,10471,0,11385,0,[]
23,12,53,84,49,50,82,82,83,81,62,8,47,35,62,37,87,76,87,76,10780,0,11458,0,[]
23,12,54,85,53,54,82,83,80,84,48,10,52,35,55,44,85,80,84,79,10928,0,11694,0,[]
26,7,56,84,48,55,85,84,81,84,37,9,52,34,49,48,87,77,87,77,11106,0,11841,0,[]
24,7,51,83,39,49,86,79,81,88,30,9,51,27,53,41,87,73,87,72,11376,0,11988,0,[]
20,15,51,75,32,44,83,87,81,90,29,10,52,28,52,42,88,69,92,71,11458,0,12287,0,[]
23,26,49,73,33,47,83,89,2,96,26,10,56,31,53,43,89,69,88,71,11513,0,12547,0,[]
27,35,51,73,43,52,2,96,7,95,20,11,65,38,53,45,88,73,88,72,11664,0,12704,0,[]
24,38,51,74,42,53,6,96,19,88,20,12,73,43,51,46,87,75,88,74,11717,0,12943,0,[]
32,38,51,74,46,52,13,95,31,81,21,14,71,41,52,45,88,74,87,76,11769,0,13135,0,[]
22,38,4,91,46,54,25,94,41,70,20,25,67,47,52,45,89,71,89,71,11862,0,13243,0,[]
12,34,6,79,47,54,36,93,54,63,23,39,79,55,53,48,89,71,89,71,11938,0,13319,0,[]
7,27,9,68,44,55,48,92,66,58,20,49,81,55,48,50,95,4,94,6,12032,0,13434,0,[]
12,23,11,56,48,52,60,91,61,61,30,55,82,55,55,51,94,7,93,7,12252,0,13571,0,[]
12,19,15,44,50,51,71,91,60,73,32,44,78,50,65,50,93,19,92,11,12374,0,13622,0,[]
15,18,21,51,44,48,74,90,70,83,40,36,78,51,76,52,92,27,92,27,12490,0,13668,0,[]
24,22,24,56,48,52,74,91,76,88,37,26,79,51,76,49,91,38,91,38,12582,0,13819,0,[]
29,19,21,51,49,50,74,91,74,88,29,18,79,51,64,50,91,49,91,49,12800,0,13880,0,[]
27,13,21,48,48,51,74,90,73,88,27,10,93,7,52,49,90,60,90,59,12903,0,14015,0,[]
25,14,25,51,46,51,74,89,75,87,33,6,83,11,52,49,88,70,88,70,12955,0,14187,0,[]
19,12,33,59,43,55,74,89,75,89,33,6,79,22,50,52,83,80,83,80,13228,0,14273,0,[]
19,12,42,67,46,53,74,88,73,88,94,4,71,32,57,56,81,88,81,88,13378,0,14377,0,[]
17,10,50,65,51,56,72,91,73,90,94,4,66,42,62,61,77,88,77,88,13497,0,14470,0,[]
17,10,49,65,51,54,76,90,75,89,26,11,66,55,63,60,80,85,80,85,13674,0,14759,0,[]
3,87,53,66,47,50,75,90,74,88,24,11,62,63,55,58,82,89,82,89,13768,0,14824,0,[]
5,76,51,65,44,53,77,89,76,87,17,16,67,65,54,54,83,81,83,81,13993,0,14896,0,[]
6,64,57,61,45,56,75,88,77,87,16,16,71,65,48,51,83,84,83,84,14086,0,15221,0,[]
8,53,55,52,54,51,72,85,75,87,19,19,67,70,56,50,84,84,84,84,14183,0,15320,0,[]
9,42,53,55,52,51,67,79,68,78,23,29,63,61,52,47,83,83,83,83,14235,0,15401,0,[]
8,31,50,50,49,50,69,78,67,78,26,37,65,60,56,46,84,79,85,78,14434,0,15496,0,[]
9,26,47,58,44,52,76,77,79,81,30,33,66,57,51,48,87,74,87,74,14500,0,15682,0,[]
14,18,53,65,40,50,83,82,86,83,25,26,61,62,51,53,87,75,87,75,14594,0,15763,0,[]
15,16,57,74,40,50,84,81,86,84,25,15,66,66,56,63,90,75,90,75,14719,0,15856,0,[]
20,20,56,82,6,88,83,84,83,83,22,10,67,73,56,64,89,79,89,79,14788,0,15993,0,[]
26,30,59,83,16,81,79,85,74,86,21,9,64,63,50,55,90,76,90,75,14918,0,16111,0,[]
26,23,58,83,25,72,85,80,70,78,26,11,58,63,45,54,87,74,87,74,15006,0,16315,0,[]
22,24,58,84,33,64,85,79,79,86,35,14,65,65,49,52,87,75,87,75,15153,0,16377,0,[]
16,16,62,84,41,55,83,85,81,83,30,20,67,72,51,51,89,77,89,77,15206,0,16476,0,[]
17,15,62,84,40,55,83,85,77,86,25,16,67,61,95,4,86,77,86,77,15562,0,16550,0,[]
15,12,4,91,41,51,74,86,76,87,21,12,61,50,85,13,87,78,90,79,15638,0,16675,0,[]
20,20,7,83,46,49,77,87,74,87,29,8,54,39,74,22,84,79,85,78,15690,0,16870,0,[]
26,30,13,73,50,49,83,85,80,86,26,9,52,34,66,32,85,79,85,79,15850,0,17112,0,[]
31,28,17,62,42,42,83,84,75,87,27,14,48,33,59,40,86,77,86,77,15902,0,17380,0,[]
28,31,18,50,34,40,79,87,79,86,25,27,39,32,52,43,85,80,85,80,15953,0,17474,0,[]
25,33,22,39,34,43,77,87,74,87,23,29,37,25,41,38,84,80,84,80,16005,0,17569,0,[]
25,35,25,32,31,40,77,89,78,88,27,34,38,27,42,42,82,83,82,84,16058,0,17672,0,[]
29,34,27,37,31,38,75,89,75,88,35,36,34,32,32,38,84,82,84,82,16113,0,18158,0,[]
31,38,30,37,33,39,65,92,70,91,35,41,33,37,33,38,75,88,75,88,16185,0,18712,0,['10:58 EDGJiejie(Ðé¿Õ¶ÝµØÊÞ) »÷É±ÁË BLGKuro(»ÄÄ®ÍÀ·ò)']
29,38,26,36,33,39,71,88,71,90,29,39,25,37,27,37,76,89,76,89,16913,0,18790,0,"['11:1 EDGScout(½âÍÑÕß) »÷É±ÁË BLGADD(×æ°²¿ñÈË)', '11:5 BLGMeteor(ÁÝ¶¬Ö®Å­) »÷É±ÁË EDGJiejie(Ðé¿Õ¶ÝµØÊÞ)']"
29,38,18,34,33,39,72,91,71,91,20,39,25,37,19,35,78,88,75,87,16979,0,19341,0,['11:10 EDGJinoo(¿ñ±©Ö®ÐÄ) »÷É±ÁË BLGMeteor(ÁÝ¶¬Ö®Å­)']
29,38,18,34,33,39,72,92,71,91,23,42,25,37,29,37,77,86,77,86,17031,0,19524,0,[]
29,38,18,34,33,39,68,91,70,91,23,33,25,37,40,43,74,92,74,92,17191,0,19615,0,[]
29,38,18,34,33,39,70,91,67,92,17,23,25,37,46,51,75,90,77,88,17306,0,19876,0,[]
3,92,18,34,8,86,70,91,63,93,11,22,90,12,46,53,76,87,76,87,17371,0,20082,0,[]
4,83,18,34,17,78,68,91,63,93,13,20,82,24,44,52,82,84,82,84,17423,0,20491,0,[]
5,70,5,91,26,70,68,91,6,95,9,18,80,38,40,56,83,86,78,83,17476,0,20580,0,[]
6,58,11,80,35,62,2,96,16,88,8,16,78,52,40,54,79,88,77,85,17652,0,20832,0,[]
7,45,16,69,40,56,4,96,29,88,94,4,72,64,42,43,80,83,78,83,17767,0,20967,0,[]
7,33,23,57,48,51,71,92,42,89,89,5,66,69,42,39,72,78,78,76,17882,0,21051,0,[]
8,28,23,55,51,49,70,90,56,90,82,5,67,69,42,39,72,75,71,69,18252,0,21097,0,[]
10,25,20,49,45,44,74,89,70,88,69,6,66,69,95,4,69,68,66,69,18372,0,21269,0,[]
19,25,24,47,44,47,77,87,79,85,54,8,65,64,58,42,74,72,74,72,18511,0,21385,0,['12:7 EDG »÷É±ÁËË®Áú']
29,21,21,46,46,52,80,87,76,87,46,15,64,62,53,49,83,81,83,81,18635,0,21602,0,[]
27,22,19,44,45,55,73,86,70,82,44,23,56,63,54,52,87,79,87,79,18830,0,21668,0,[]
16,20,17,44,43,56,67,79,65,78,38,24,52,65,48,53,84,79,84,80,18944,0,22138,0,[]
17,19,22,43,42,57,61,73,61,74,33,21,56,59,46,53,82,85,84,84,19097,0,22325,0,[]
28,22,30,36,45,54,57,67,58,62,26,16,52,47,50,44,81,85,81,84,19210,0,22399,0,[]
28,22,34,31,45,53,50,61,50,58,21,13,49,35,40,38,78,85,80,82,19368,0,22516,0,[]
19,17,25,35,39,43,47,50,46,47,15,12,41,26,45,34,77,86,78,79,19455,0,22689,0,[]
21,11,27,34,34,38,37,41,35,38,21,11,45,24,43,36,70,89,74,88,19527,0,22784,0,[]
22,11,27,33,29,35,27,38,29,34,26,12,46,23,43,44,69,89,71,89,19628,0,23285,0,[]
16,9,28,35,32,41,24,32,25,28,34,12,43,17,47,51,68,90,72,89,19783,0,23513,0,[]
16,9,28,31,37,50,18,20,30,18,34,12,44,17,41,58,74,92,77,86,19898,0,23818,0,[]
10,95,23,24,40,56,16,17,21,14,36,16,42,16,48,48,78,87,78,81,20054,0,23957,0,[]
23,94,19,18,39,53,18,16,17,15,36,15,36,13,45,38,77,87,78,81,20310,0,24064,0,[]
35,93,19,12,30,45,20,14,20,13,32,10,34,17,40,26,76,87,90,4,20545,0,24217,0,[]
48,92,25,7,40,44,23,9,26,8,31,9,33,10,34,12,71,88,83,5,20964,0,24414,0,[]
60,92,16,10,43,41,20,11,20,8,29,6,29,8,26,8,72,91,72,6,21099,0,24493,0,[]
70,91,15,10,48,51,20,13,22,12,34,10,36,14,29,6,74,90,62,7,21323,0,24544,0,[]
67,91,3,96,46,50,18,15,17,11,48,18,37,14,31,8,75,89,51,8,21405,0,24591,0,[]
71,91,15,94,2,96,17,15,11,13,57,24,30,19,22,10,77,87,40,10,21561,0,24823,0,[]
74,89,27,92,10,84,10,23,11,13,57,40,34,23,18,9,82,80,29,11,21636,0,24871,0,[]
73,86,39,91,19,76,9,29,7,95,51,49,41,34,9,16,88,81,18,12,21691,0,24925,0,[]
73,84,51,89,28,68,7,33,15,92,47,52,52,35,11,23,84,81,15,19,21742,0,25104,0,[]
73,84,56,82,37,60,7,33,30,89,53,51,52,34,11,22,89,81,14,20,21989,0,25378,0,[]
4,83,54,83,45,56,6,94,45,83,66,65,61,41,8,20,89,81,12,18,22061,0,25432,0,[]
5,67,56,84,46,59,19,95,58,84,76,72,73,44,7,19,95,4,12,18,22136,0,25519,0,[]
6,51,68,82,51,62,32,94,70,78,84,81,76,46,94,5,86,9,90,6,22187,0,25701,0,[]
7,39,77,78,57,62,45,92,80,77,85,81,82,56,85,15,79,17,79,17,22239,0,25752,0,[]
10,27,88,77,68,67,58,90,88,78,89,76,82,57,76,24,71,26,71,26,22742,0,25889,0,[]
16,19,88,81,63,61,71,88,86,78,89,76,76,57,67,33,63,25,63,25,22856,0,25941,0,['14:32 BLGXinMo(Éîº£Ì©Ì¹) »÷É±ÁË EDGJinoo(¿ñ±©Ö®ÐÄ)']
15,14,87,82,53,55,82,85,85,79,89,76,75,55,58,41,51,19,57,25,23228,0,25996,0,[]
17,13,79,77,52,48,85,80,82,78,89,76,73,53,64,51,40,15,59,35,23560,0,26147,0,[]
19,23,76,66,56,57,76,71,76,67,89,76,77,59,65,53,33,10,57,45,23611,0,26219,0,[]
28,32,75,62,56,59,77,62,79,64,89,76,88,61,60,50,26,11,58,47,23694,0,26424,0,[]
31,39,64,69,54,60,79,66,67,60,89,76,89,61,53,49,23,10,53,49,23746,0,26735,0,[]
31,39,52,76,43,55,84,78,74,69,95,6,93,68,52,50,16,17,52,50,24054,0,26825,0,[]
34,31,50,74,45,55,88,74,85,78,91,19,93,68,64,52,13,16,64,52,24337,0,26939,0,[]
22,38,46,71,44,57,88,76,86,76,88,31,91,64,65,58,19,18,65,58,24417,0,27031,0,[]
11,32,46,65,2,96,85,78,89,82,89,45,82,65,63,52,23,28,63,52,24583,0,27112,0,[]
8,27,42,67,10,84,82,86,89,82,88,60,77,56,51,50,20,25,51,50,24704,0,27358,0,[]
6,28,32,60,19,75,83,89,2,96,82,67,69,49,45,52,10,24,45,52,24773,0,27463,0,[]
8,24,24,56,28,67,82,87,14,89,80,69,55,50,39,56,11,19,41,54,24925,0,27600,0,[]
8,25,30,57,38,59,80,86,24,77,87,70,44,50,40,55,12,20,41,54,24997,0,28349,0,[]
8,27,24,48,39,58,80,88,32,66,83,79,41,42,40,51,12,22,41,42,25323,0,28517,1,"['15:42 EDGMeiko(Ä§·¨Ã¨ßä) »÷ÆÆÁË·ÀÓùËþ,»ñµÃÒ»Ëþ']"
7,30,16,43,33,59,80,87,32,55,81,78,36,40,31,51,8,26,32,42,25484,0,28602,1,[]
7,31,15,41,31,55,78,87,32,55,83,83,32,44,31,54,8,27,31,54,25660,0,29338,1,[]
8,28,21,51,35,63,69,91,32,58,78,87,32,59,33,59,9,24,33,59,25739,0,29801,1,['15:57 EDGJiejie(Ðé¿Õ¶ÝµØÊÞ) »÷É±ÁË BLGXinMo(Éîº£Ì©Ì¹)']
7,37,25,57,35,65,57,88,32,58,75,88,40,58,37,62,11,22,37,62,25791,0,30075,1,['16:3 EDGScout(½âÍÑÕß) »÷É±ÁË BLGKuro(»ÄÄ®ÍÀ·ò)']
5,43,31,54,35,65,60,88,32,58,73,87,48,51,45,53,8,23,45,53,25868,0,30196,1,[]
5,43,32,59,35,65,62,92,32,58,67,90,38,50,34,49,12,24,34,49,26083,0,30569,1,[]
4,96,39,64,35,65,66,93,32,58,66,91,35,48,30,52,8,32,27,51,26138,0,31651,2,"['16:19 EDGiBoy(°µÒ¹ÁÔÊÖ) »÷ÆÆÁË·ÀÓùËþ', '16:18 EDGJinoo(¿ñ±©Ö®ÐÄ) »÷É±ÁË BLGJinjiao(ÇÙÉªÏÉÅ®)']"
10,95,46,72,35,65,66,93,32,58,60,91,35,48,42,51,10,39,19,47,26190,0,31797,3,['16:22 EDGJinoo(¿ñ±©Ö®ÐÄ) »÷ÆÆÁË·ÀÓùËþ']
23,94,57,76,35,65,66,93,14,95,60,92,90,5,48,51,10,41,11,42,26241,0,32170,3,[]
36,93,64,88,35,65,66,93,28,94,65,89,81,12,49,50,11,38,11,38,26293,0,32422,3,[]
49,92,74,91,3,94,66,93,42,93,75,90,73,24,51,48,14,35,14,35,26430,0,32474,3,[]
61,90,72,91,4,80,66,93,57,91,83,82,66,36,95,4,14,35,14,35,26685,0,32526,3,[]
71,88,62,85,6,67,6,94,69,88,89,81,52,36,87,16,90,6,93,9,26765,0,32641,3,[]
81,84,56,83,6,54,16,84,77,85,89,81,53,34,78,25,81,16,82,16,27040,0,32743,3,[]
77,76,57,82,9,48,27,75,75,77,93,12,58,45,69,34,72,24,72,24,27194,0,32794,3,[]
79,74,62,78,22,51,36,65,65,77,79,13,66,55,74,44,66,35,66,35,27311,0,32878,3,[]
84,83,57,67,31,57,38,63,56,68,72,25,61,63,78,49,57,44,57,43,27541,0,32930,3,[]
79,82,61,62,45,57,45,56,57,58,66,39,68,61,76,57,55,53,55,53,27713,0,33005,3,[]
72,71,62,62,51,59,50,59,57,61,65,51,66,54,82,66,51,50,51,50,27764,0,33269,3,[]
67,67,58,57,56,56,57,58,60,58,66,50,63,52,90,70,51,48,51,48,27876,0,33397,3,[]
65,58,55,56,64,58,62,60,64,62,66,52,62,52,80,65,53,49,53,49,27959,0,33516,3,[]
63,57,50,53,56,56,53,56,53,57,65,53,59,49,72,63,52,47,52,47,28131,0,33680,3,[]
63,57,56,57,48,53,49,54,49,57,64,57,63,58,64,59,53,49,53,49,28268,0,33811,3,[]
57,64,57,58,54,61,55,61,54,63,62,57,62,62,60,61,58,55,58,55,28324,0,34452,3,['17:45 EDGScout(½âÍÑÕß) »÷É±ÁË BLGADD(×æ°²¿ñÈË)']
57,64,51,65,49,66,49,69,50,66,53,63,56,65,53,67,52,62,51,64,28431,0,35550,3,['17:49 EDGiBoy(°µÒ¹ÁÔÊÖ) »÷É±ÁË BLGMeteor(ÁÝ¶¬Ö®Å­)']
57,64,51,65,51,66,49,69,35,68,51,63,52,65,51,64,49,67,49,67,28483,0,35958,3,"['17:52 EDGiBoy(°µÒ¹ÁÔÊÖ) »÷É±ÁË BLGJinjiao(ÇÙÉªÏÉÅ®)', '17:54 EDGJiejie(Ðé¿Õ¶ÝµØÊÞ) »÷É±ÁË BLGKuro(»ÄÄ®ÍÀ·ò)']"
57,64,51,65,51,66,49,69,34,68,49,51,65,71,42,58,48,68,47,74,28538,0,36145,3,[]
57,64,51,65,51,66,49,69,2,96,41,58,66,70,29,59,49,67,49,67,28590,0,36259,3,[]
57,64,51,65,51,66,49,69,10,92,36,63,65,70,21,51,44,67,44,67,28641,0,36348,3,[]
57,64,51,65,51,66,49,69,19,79,35,63,64,71,22,54,34,65,36,65,28693,0,37100,3,[]
57,64,51,65,51,66,49,69,26,68,37,65,67,69,23,48,34,62,36,63,28746,0,37412,4,['18:19 EDGJinoo(¿ñ±©Ö®ÐÄ) »÷ÆÆÁË·ÀÓùËþ']
12,90,3,96,51,66,9,92,26,69,39,59,78,74,21,47,35,62,38,56,28801,0,37520,4,['18:21 EDG »÷É±ÁË»ðÁú']
19,79,9,85,3,96,18,84,25,71,47,51,89,74,23,42,44,53,40,55,28880,0,37686,4,[]
28,72,14,74,6,94,27,74,29,68,47,51,87,69,28,37,44,53,95,4,28974,0,37737,4,[]
40,77,19,63,12,91,32,66,34,65,92,5,83,59,25,32,94,5,93,5,29103,0,37916,4,[]
52,78,21,51,21,82,33,66,34,64,90,6,82,55,20,27,84,13,93,5,29373,0,38054,4,[]
65,77,18,46,20,71,39,60,38,60,92,7,74,45,20,27,77,24,83,11,29428,0,38106,4,[]
73,86,16,44,17,59,37,48,39,51,91,10,74,43,83,9,68,33,76,19,29566,0,38226,4,[]
75,87,22,43,12,47,32,45,34,42,89,24,74,43,70,16,58,34,69,28,29645,0,38277,4,[]
79,86,23,32,8,33,42,53,30,38,89,41,74,43,61,23,52,26,61,33,29878,0,38430,4,[]
82,85,21,29,9,26,46,54,24,38,89,54,90,6,48,21,57,33,58,38,30073,0,38491,4,[]
77,87,23,38,10,23,45,52,25,29,89,70,79,12,40,17,53,43,50,42,30185,0,38658,4,[]
68,80,24,43,11,33,39,59,23,43,88,77,66,20,31,16,49,48,49,48,30241,0,38877,4,[]
68,80,23,50,17,44,40,58,28,51,85,64,56,30,20,13,49,48,49,48,30289,0,39050,4,[]
5,96,31,51,27,50,42,56,38,50,85,51,50,34,31,12,49,47,49,47,30341,0,39284,4,[]
18,94,31,45,35,43,42,56,40,58,76,54,48,35,32,18,48,50,48,50,30476,0,39359,4,[]
27,89,33,43,35,43,39,56,41,56,71,63,38,37,20,20,41,40,40,39,30553,0,39571,4,[]
28,75,33,43,32,43,44,50,38,51,70,62,36,36,16,20,41,35,41,35,30661,0,39758,4,[]
38,74,31,52,23,50,40,56,41,55,58,58,38,38,20,26,40,38,40,33,30802,0,39839,4,[]
49,66,33,59,17,53,39,60,37,57,57,58,36,43,23,35,44,51,42,43,30854,0,39970,4,[]
59,68,36,64,22,64,34,63,34,61,63,61,42,53,25,47,42,57,42,52,30911,0,40165,4,[]
56,68,32,66,28,66,32,67,29,67,57,64,43,58,32,53,37,59,37,59,30966,0,40252,4,[]
55,76,31,68,31,72,32,70,37,76,57,70,47,73,33,61,43,68,43,68,31060,0,40332,4,[]
50,79,37,76,39,76,34,74,40,77,52,76,50,77,41,68,49,76,48,77,31126,0,40934,4,['20:14 EDGiBoy(°µÒ¹ÁÔÊÖ) »÷É±ÁË BLGADD(×æ°²¿ñÈË)']
50,79,25,68,28,70,27,69,38,76,66,79,45,69,33,64,43,69,43,69,31178,0,41183,4,[]
50,79,24,67,15,64,29,70,2,96,68,89,37,58,30,60,35,61,35,61,31229,0,41255,4,[]
50,79,19,63,11,54,26,67,13,86,64,91,23,57,20,53,28,60,20,53,31306,0,41406,4,[]
50,79,11,62,6,54,14,63,12,72,59,89,16,50,8,47,18,51,8,47,31358,0,41675,4,[]
50,79,6,57,10,57,5,57,10,58,51,94,14,50,5,51,9,51,5,51,31473,0,41771,4,[]
50,79,8,51,8,54,6,52,9,54,48,91,13,49,11,48,7,48,9,48,31574,0,41825,4,[]
50,79,9,53,6,51,6,54,7,51,48,91,8,50,8,52,5,47,5,47,31695,0,43088,4,[]
3,93,8,56,7,54,5,53,7,55,6,55,10,54,8,56,10,47,9,47,31750,0,43795,4,"['20:52 EDGScout(½âÍÑÕß) »÷É±ÁË BLGJinjiao(ÇÙÉªÏÉÅ®)', '20:53 EDGScout(½âÍÑÕß) »÷É±ÁË BLGXinMo(Éîº£Ì©Ì¹)', '20:53 EDGJinoo(¿ñ±©Ö®ÐÄ) »÷É±ÁË BLGKuro(»ÄÄ®ÍÀ·ò)', '20:54 EDGJinoo(¿ñ±©Ö®ÐÄ) »÷É±ÁË BLGMeteor(ÁÝ¶¬Ö®Å­)']"
9,76,8,56,7,54,5,53,7,55,10,52,11,52,11,57,8,53,11,54,31802,0,44397,5,['20:59 EDGiBoy(°µÒ¹ÁÔÊÖ) »÷ÆÆÁË·ÀÓùËþ']
7,64,8,56,7,54,5,53,7,55,22,43,23,41,15,48,20,47,19,47,31986,0,44451,5,[]
13,64,8,56,7,54,5,53,7,55,29,34,32,32,25,57,25,37,25,37,32032,0,44530,5,[]
25,70,8,56,7,54,5,53,7,55,33,33,31,29,35,62,31,34,32,29,32119,0,44650,5,[]
28,72,8,56,7,54,5,53,7,55,32,33,32,31,47,63,30,33,30,33,32189,0,44812,5,[]
40,77,8,56,7,54,5,53,7,55,34,31,30,31,48,73,30,32,30,32,32241,0,46398,5,[]
47,79,8,56,7,54,4,85,16,87,33,31,31,32,56,81,34,32,34,32,32300,0,46536,5,['21:28 EDG »÷É±ÁË´óÁú']
59,77,18,89,13,95,25,88,34,89,92,8,95,4,60,85,94,4,93,5,32354,0,46707,5,[]
71,85,30,81,29,94,39,90,49,91,84,14,88,17,67,89,82,17,82,17,32407,0,46851,5,[]
76,87,39,74,42,92,54,90,61,90,75,28,81,35,77,86,74,28,74,28,32461,0,46903,5,[]
73,89,45,64,52,86,63,90,65,89,76,34,80,49,87,77,66,39,66,39,32665,0,46954,5,[]
66,88,43,68,43,78,54,88,64,88,61,40,81,55,95,4,74,42,74,42,32927,0,47193,5,[]
59,85,35,64,31,73,45,79,61,83,52,48,76,59,89,17,77,54,77,54,33039,0,47371,5,[]
59,85,34,63,20,69,32,72,47,80,47,56,72,62,82,30,74,66,74,66,33112,0,47423,5,[]
3,96,30,67,9,62,31,69,42,70,51,63,73,72,80,44,80,78,80,78,33300,0,47545,5,[]
10,85,31,69,8,60,30,70,41,70,53,64,68,81,74,56,75,88,75,87,33484,0,47770,5,[]
22,75,38,76,7,53,39,75,43,69,49,58,58,77,72,63,63,87,63,87,33619,0,47853,5,[]
34,75,38,76,11,53,41,78,41,75,42,56,50,78,57,65,61,90,59,85,33676,0,47996,5,[]
42,77,38,76,11,53,40,78,39,76,46,56,47,79,44,69,59,90,47,80,33759,0,48336,5,[]
35,81,36,77,9,94,35,81,37,76,39,63,48,79,45,70,51,89,47,75,33813,0,48418,5,[]
31,72,36,77,25,89,36,82,37,76,41,71,42,79,45,79,43,93,47,78,33865,0,49041,6,['22:40 EDGiBoy(°µÒ¹ÁÔÊÖ) »÷ÆÆÁË·ÀÓùËþ']
34,74,32,74,33,80,36,78,37,75,38,74,36,79,40,78,42,83,38,74,33961,0,49876,6,[]
29,74,28,74,30,80,36,78,36,75,34,74,31,76,32,74,32,75,32,75,34034,0,50753,6,"['22:46 EDGJinoo(¿ñ±©Ö®ÐÄ) »÷É±ÁË BLGJinjiao(ÇÙÉªÏÉÅ®)', '22:48 EDGScout(½âÍÑÕß) »÷É±ÁË BLGXinMo(Éîº£Ì©Ì¹)']"
27,73,28,75,22,83,36,78,36,75,24,79,28,74,21,82,23,79,23,79,34081,0,51206,6,"['22:51 EDGiBoy(°µÒ¹ÁÔÊÖ) »÷É±ÁË BLGADD(×æ°²¿ñÈË)', '22:52 EDGiBoy(°µÒ¹ÁÔÊÖ) »÷É±ÁË BLGMeteor(ÁÝ¶¬Ö®Å­)', '22:54 EDGiBoy(°µÒ¹ÁÔÊÖ) »÷É±ÁË BLGKuro(»ÄÄ®ÍÀ·ò)']"
27,73,28,75,22,83,36,78,36,75,26,76,22,76,21,76,24,80,25,76,34141,0,51574,7,['22:59 EDGScout(½âÍÑÕß) »÷ÆÆÁË·ÀÓùËþ']
27,73,28,75,22,83,36,78,36,75,15,81,18,80,13,84,14,80,17,80,34188,0,51683,7,[]
27,73,28,75,22,83,36,78,36,75,15,84,13,86,12,86,15,84,15,84,34239,0,52218,8,['23:9 EDGiBoy(°µÒ¹ÁÔÊÖ) »÷ÆÆÁË·ÀÓùËþ']
27,73,28,75,22,83,36,78,36,75,13,85,13,88,12,87,14,83,15,84,34291,0,52541,9,['23:15 EDGJiejie(Ðé¿Õ¶ÝµØÊÞ) »÷ÆÆÁË·ÀÓùËþ']
27,73,28,75,22,83,36,78,2,96,13,85,6,94,8,90,14,83,8,90,34344,0,52642,9,[]
27,73,28,75,22,83,1,96,2,96,13,85,4,95,8,90,14,83,8,90,34348,0,52644,9,[]
27,73,28,75,22,83,1,96,2,96,13,85,4,95,8,90,14,83,8,90,34348,0,52644,9,['23:30 EDG »ñÊ¤']
