,OMGCurse, ,OMGWorld6, ,OMGicon, ,OMGkRYST4L, ,OMGHudie, ,FPXGimGoon, ,FPXTian, ,FPXDoinb, ,FPXLwx, ,FPXCrisp, ,blue_economics,blue_towers,red_economics,red_towers,captions
0,3,96,4,98,2,98,0,97,2,95,94,5,96,5,95,2,97,3,93,3,0,0,0,0,[]
1,4,95,4,97,2,98,1,97,1,95,93,5,95,5,94,2,97,3,93,3,0,0,0,0,[]
2,4,95,4,96,5,96,5,97,3,94,93,4,93,5,92,4,94,6,93,3,0,0,0,0,[]
3,4,94,4,95,4,95,5,97,3,94,93,5,92,5,92,5,94,5,93,3,0,0,0,0,[]
4,13,73,19,76,21,82,26,90,24,85,72,15,71,16,78,22,83,24,83,15,0,0,0,0,[]
5,19,52,32,63,34,64,48,90,41,70,55,30,53,31,64,39,80,46,70,33,0,0,0,0,[]
6,23,34,32,63,45,53,68,82,49,67,39,29,44,33,53,48,73,64,66,54,0,0,0,0,[]
7,23,34,6,94,42,54,65,78,50,75,35,21,42,32,57,55,73,64,64,58,0,0,0,0,[]
8,24,37,15,88,45,53,62,75,59,74,30,19,42,32,57,55,73,63,64,58,0,0,0,0,[]
9,23,37,19,77,44,54,52,75,53,76,30,19,42,32,57,55,72,63,64,57,0,0,0,0,[]
10,23,37,27,69,46,54,47,69,47,73,30,19,42,32,57,54,72,63,64,57,0,0,0,0,[]
11,24,37,32,59,44,54,49,67,52,76,30,19,42,32,57,54,72,63,64,57,0,0,0,0,[]
12,23,38,31,53,44,54,50,76,56,75,30,19,42,32,57,54,73,63,64,57,0,0,0,0,[]
13,23,38,31,53,44,54,51,83,50,78,30,19,93,7,57,55,72,63,65,57,0,0,0,0,[]
14,23,38,31,56,43,55,61,86,57,85,29,19,88,17,57,55,72,63,64,57,0,0,0,0,[]
15,23,37,38,64,43,55,69,91,67,90,30,19,83,28,57,55,72,63,64,57,0,0,0,0,[]
16,23,37,44,69,44,54,74,92,77,92,29,22,81,39,54,59,72,63,65,57,0,0,0,0,[]
17,13,34,47,73,43,52,84,89,85,88,29,22,76,51,50,51,79,65,71,62,0,0,0,0,[]
18,10,25,50,74,49,49,83,89,84,89,29,22,74,53,53,48,85,66,80,66,0,0,0,0,[]
19,9,15,47,73,45,51,83,89,83,89,25,23,76,53,51,51,87,71,87,70,0,0,0,0,[]
20,11,15,46,72,46,53,84,89,84,88,18,16,78,54,52,47,86,76,90,78,0,0,0,0,[]
21,11,17,43,69,48,53,83,86,82,85,18,13,80,54,48,49,82,78,88,81,0,0,0,0,[]
22,12,17,35,62,46,54,81,84,83,85,17,15,82,56,55,47,88,81,88,84,0,0,0,0,[]
23,9,16,29,52,44,55,82,85,83,84,15,15,84,57,49,50,86,80,88,84,0,0,0,0,[]
24,10,14,23,46,44,54,81,83,81,84,12,12,83,56,50,49,87,81,88,83,0,0,0,0,[]
25,12,17,21,45,45,54,83,83,83,83,15,11,78,49,51,48,88,78,89,81,0,0,0,0,[]
26,14,19,18,45,44,52,83,83,84,83,17,12,74,43,51,49,89,79,89,81,0,0,0,0,[]
27,15,18,15,44,45,54,83,82,84,82,15,12,74,44,50,50,90,78,90,81,0,0,0,0,[]
28,12,22,17,45,47,51,84,82,84,82,12,16,69,41,54,48,90,77,89,77,0,0,0,0,[]
29,14,20,21,51,44,51,84,82,85,82,16,13,60,36,51,50,89,73,90,74,0,0,0,0,[]
30,13,15,24,57,39,50,87,82,85,80,19,12,53,33,51,48,89,72,91,72,0,0,0,0,[]
31,14,10,27,59,46,53,88,77,88,76,19,14,53,35,51,49,92,70,93,71,0,0,0,0,[]
32,11,15,30,60,46,52,88,77,86,76,17,12,52,34,52,50,91,70,89,70,0,0,0,0,[]
33,12,16,38,65,46,51,89,78,86,77,14,11,52,28,53,48,89,70,90,70,0,0,0,0,[]
34,11,18,46,68,44,54,89,77,86,77,18,15,52,26,51,49,90,69,91,69,0,0,0,0,[]
35,13,19,48,68,44,52,91,75,87,75,17,14,51,25,50,51,92,68,93,68,0,0,0,0,[]
36,13,20,49,67,46,51,92,74,87,76,15,15,46,16,53,49,92,67,90,69,0,0,0,0,[]
37,12,19,50,66,46,51,84,79,80,76,17,14,41,17,54,47,92,69,89,71,0,0,0,0,[]
38,8,22,59,63,45,53,75,73,72,68,15,16,39,17,52,49,90,71,89,74,0,0,0,0,[]
39,8,24,67,59,46,53,74,65,75,62,15,18,41,15,51,47,91,72,91,75,0,0,0,0,[]
40,10,20,69,64,46,54,71,67,78,71,14,18,35,16,50,47,91,73,89,73,0,0,0,0,[]
41,5,29,73,71,45,53,79,75,83,79,7,24,27,23,52,48,90,74,90,81,0,0,0,0,[]
42,7,31,68,82,47,52,85,79,88,82,6,25,27,32,53,48,91,76,91,79,0,0,0,0,[]
43,8,30,55,82,46,53,88,81,87,81,10,25,30,39,52,48,90,73,92,75,0,0,0,0,[]
44,7,30,58,84,47,52,87,85,84,84,10,24,34,41,52,49,89,78,90,78,0,0,0,0,[]
45,8,28,60,84,41,59,88,84,85,82,12,22,39,44,47,51,90,79,87,76,0,0,0,0,[]
46,8,27,58,84,39,58,87,85,86,84,11,25,43,43,46,52,89,78,86,77,0,0,0,0,[]
47,7,31,60,84,41,59,88,84,85,84,11,25,43,43,45,52,89,76,87,76,0,0,0,0,[]
48,6,31,58,84,38,62,88,82,86,82,11,25,92,10,46,51,89,76,88,74,0,0,0,0,[]
49,5,31,58,84,38,62,87,84,85,82,12,23,87,20,45,57,90,78,87,76,0,0,0,0,[]
50,5,31,65,88,44,57,85,85,84,83,17,21,81,30,50,52,88,79,86,78,0,0,0,0,[]
51,2,96,76,91,41,58,85,86,82,85,15,17,70,34,46,54,85,79,85,78,0,0,0,0,[]
52,6,31,81,92,41,57,83,86,82,85,15,16,67,44,46,53,86,79,88,83,0,0,0,0,[]
53,12,22,83,90,36,63,87,84,83,83,14,16,65,56,45,55,88,77,91,77,0,0,0,0,[]
54,12,20,83,90,36,63,80,80,78,81,16,15,57,64,45,56,90,75,89,79,0,0,0,0,[]
55,12,23,5,92,2,96,81,81,83,85,14,18,53,66,45,54,92,73,89,80,0,0,0,0,[]
56,7,18,10,81,37,57,86,82,82,84,16,15,61,74,45,57,90,75,91,79,0,0,0,0,[]
57,11,19,16,70,45,56,82,86,79,86,16,18,69,79,49,53,82,78,89,82,0,0,0,0,[]
58,9,21,27,70,42,54,83,88,81,86,13,17,70,79,58,46,86,81,88,82,0,0,0,0,[]
59,7,29,33,64,47,52,78,85,77,87,9,25,72,83,59,45,84,79,83,86,0,0,0,0,[]
60,9,29,41,67,51,52,73,89,73,89,10,25,77,87,95,4,79,87,75,88,0,0,0,0,[]
61,7,30,52,65,49,49,74,87,75,89,10,26,80,84,95,4,82,85,82,84,0,0,0,0,[]
62,8,29,65,57,49,54,80,83,81,84,13,21,86,76,57,43,88,79,91,82,0,0,0,0,[]
63,10,26,73,50,59,57,82,82,82,79,12,22,86,65,57,43,89,77,91,81,0,0,0,0,[]
64,8,25,81,48,68,52,80,81,81,80,14,20,84,62,59,44,88,80,91,81,0,0,0,0,[]
65,6,27,82,49,78,50,78,78,80,75,15,22,84,61,54,44,88,80,90,81,0,0,0,0,[]
66,10,26,84,59,83,56,74,71,77,68,15,22,83,58,55,48,86,81,88,73,0,0,0,0,[]
67,11,25,86,64,87,65,75,77,78,64,94,4,89,62,53,50,87,73,89,68,0,0,0,0,"['5:32 OMGicon(符文法师) 击杀了 FPXTian(狂战士),获得一血']"
68,10,25,73,64,76,71,80,85,79,72,95,5,89,62,50,47,88,83,87,79,0,0,0,0,[]
69,12,24,60,62,70,79,80,86,79,83,17,23,95,6,48,48,86,85,85,81,0,0,0,0,[]
70,8,24,49,65,70,79,78,87,80,86,11,19,93,17,49,50,85,85,86,82,0,0,0,0,[]
71,8,26,45,68,5,95,78,86,79,89,12,21,86,26,44,54,84,86,83,81,0,0,0,0,[]
72,9,28,43,68,14,90,74,89,76,89,11,22,81,36,45,53,81,80,75,72,0,0,0,0,[]
73,11,27,43,68,22,81,77,85,80,83,11,22,80,47,43,54,75,72,66,65,0,0,0,0,[]
74,9,28,47,70,29,72,77,87,80,87,12,21,74,44,41,54,73,69,62,61,0,0,0,0,[]
75,7,24,36,66,36,62,80,88,81,87,13,21,75,44,42,55,80,77,72,69,0,0,0,0,[]
76,8,27,47,67,39,60,80,89,73,86,12,21,70,48,44,55,81,83,80,77,0,0,0,0,[]
77,7,31,58,70,40,55,72,84,70,77,18,23,65,56,45,54,84,84,81,81,0,0,0,0,[]
78,8,30,50,78,40,55,75,89,73,86,11,25,58,64,48,52,87,84,79,75,0,0,0,0,[]
79,6,31,55,84,43,54,78,87,81,89,10,25,56,74,51,53,87,84,79,75,0,0,0,0,[]
80,10,33,59,84,45,52,81,85,81,85,12,21,54,67,53,52,95,4,89,6,0,0,0,0,[]
81,19,37,59,84,37,59,82,86,80,85,9,23,54,76,48,54,86,80,81,17,0,0,0,0,[]
82,18,34,66,82,39,55,83,88,81,91,7,25,54,76,47,55,82,81,73,29,0,0,0,0,[]
83,8,32,61,77,38,59,80,90,81,91,10,24,53,76,47,54,82,82,66,41,0,0,0,0,[]
84,7,31,60,83,45,52,69,90,2,96,8,25,57,73,54,58,82,84,65,57,0,0,0,0,[]
85,8,30,59,85,45,47,68,90,13,95,13,22,53,63,47,51,76,87,54,61,0,0,0,0,[]
86,16,35,59,85,38,43,66,92,25,94,21,28,45,55,40,44,77,88,43,52,0,0,0,0,[]
87,12,35,61,85,30,49,66,92,37,93,24,38,36,49,34,43,78,86,29,50,0,0,0,0,[]
88,11,23,61,85,29,49,3,96,49,91,23,40,45,51,39,43,78,87,35,42,0,0,0,0,['7:16 FPXTian(狂战士) 击杀了 OMGicon(符文法师)']
89,11,17,7,94,29,49,68,92,61,91,25,31,54,51,49,46,78,81,50,48,0,0,0,0,[]
90,12,15,21,85,29,49,71,89,71,87,20,23,55,57,55,46,73,71,61,50,0,0,0,0,[]
91,8,17,32,80,8,93,74,88,74,89,14,20,62,61,55,47,68,63,66,60,0,0,0,0,[]
92,11,16,43,77,17,86,79,87,79,85,18,18,66,68,54,48,70,66,68,68,0,0,0,0,[]
93,10,18,58,75,25,77,81,88,73,86,16,19,67,68,55,53,68,67,64,70,0,0,0,0,[]
94,8,22,60,69,32,67,78,81,72,75,13,19,67,67,57,55,66,67,67,67,0,0,0,0,[]
95,6,26,65,72,40,59,73,73,69,68,10,23,65,71,61,59,63,69,67,67,0,0,0,0,['7:51 FPX 击杀了火龙']
96,5,30,65,73,47,54,73,73,73,73,9,26,70,68,69,67,70,68,72,70,0,0,0,0,['7:56 FPXTian(狂战士) 击杀了 OMGWorld6(德玛西亚皇子)']
97,7,33,65,73,46,50,79,77,78,71,11,22,68,63,66,58,77,62,74,59,0,0,0,0,[]
98,14,40,65,73,44,51,88,76,79,72,12,21,64,59,60,51,76,57,74,59,0,0,0,0,[]
99,9,32,9,83,42,44,90,77,86,77,11,21,67,52,53,47,80,56,95,7,0,0,0,0,[]
100,9,28,14,72,43,48,90,77,87,74,11,23,78,50,59,46,85,64,94,13,0,0,0,0,[]
101,8,31,18,61,48,52,91,74,91,74,9,25,82,59,61,50,93,67,93,27,0,0,0,0,[]
102,9,30,18,49,49,47,91,74,91,75,9,21,75,54,63,50,90,68,91,42,0,0,0,0,[]
103,11,27,16,44,50,46,88,77,85,79,13,21,75,53,72,50,89,70,89,56,0,0,0,0,[]
104,13,34,18,45,44,44,84,84,84,88,15,16,74,59,65,50,89,74,87,68,0,0,0,0,[]
105,18,30,25,46,33,44,83,82,83,84,14,17,76,69,58,46,88,79,90,77,0,0,0,0,[]
106,12,34,24,47,29,45,75,91,75,90,12,17,78,80,59,45,82,83,77,87,0,0,0,0,[]
107,7,30,23,54,39,44,74,93,75,88,12,17,75,88,57,47,77,90,75,88,0,0,0,0,['8:55 FPXCrisp(血港鬼影) 击杀了 OMGHudie(光辉女郎)']
108,8,28,22,53,48,47,73,90,75,88,92,4,78,81,53,49,83,85,83,86,0,0,0,0,[]
109,9,25,24,52,48,47,75,88,75,88,80,6,77,74,55,45,82,86,86,84,0,0,0,0,[]
110,14,21,31,45,45,52,71,87,75,88,68,7,69,79,55,43,82,85,81,90,0,0,0,0,[]
111,15,17,41,41,41,57,67,93,5,96,58,9,70,79,58,44,82,85,68,83,0,0,0,0,[]
112,16,17,41,31,44,48,69,92,4,95,47,12,70,79,60,44,84,87,69,80,0,0,0,0,[]
113,13,22,43,24,47,51,70,92,16,94,40,15,87,5,60,44,85,87,69,80,0,0,0,0,[]
114,13,22,43,24,46,49,68,90,31,93,33,12,77,12,56,47,95,6,85,9,0,0,0,0,[]
115,3,91,42,25,39,44,70,90,35,79,26,8,68,18,52,47,94,9,72,17,0,0,0,0,[]
116,5,79,41,32,34,48,76,87,42,70,23,11,59,26,54,47,93,20,59,23,0,0,0,0,[]
117,6,67,44,43,44,50,78,86,42,59,21,11,53,33,53,46,91,31,45,23,0,0,0,0,[]
118,7,54,43,45,47,47,78,88,41,51,20,12,50,35,55,45,90,42,40,36,0,0,0,0,[]
119,7,42,41,43,44,47,74,87,42,45,20,23,48,43,52,46,92,53,40,43,0,0,0,0,[]
120,7,31,36,42,47,48,74,87,36,43,24,27,42,39,49,42,93,64,40,43,0,0,0,0,['9:58 OMGicon(符文法师) 击杀了 FPXCrisp(血港鬼影)']
121,8,25,35,48,50,51,9,95,35,48,18,23,46,40,55,46,91,73,40,43,0,0,0,0,[]
122,10,21,44,56,51,49,20,94,46,56,16,18,58,39,56,45,84,78,40,43,0,0,0,0,[]
123,12,22,53,62,51,47,30,93,54,66,17,17,70,41,57,46,84,78,94,10,0,0,0,0,[]
124,10,23,49,65,52,50,41,92,61,58,16,17,72,42,58,44,84,80,86,24,0,0,0,0,[]
125,8,28,49,65,52,52,52,90,65,58,12,21,66,47,59,48,82,80,76,33,0,0,0,0,[]
126,6,31,50,65,47,52,63,89,56,58,7,25,66,55,54,48,84,79,66,41,0,0,0,0,[]
127,10,30,49,57,46,47,72,87,48,55,8,23,56,57,53,50,83,81,65,56,0,0,0,0,[]
128,8,28,46,55,44,54,73,87,47,59,10,22,57,61,59,44,83,83,56,66,0,0,0,0,[]
129,8,29,44,57,44,56,74,90,44,58,14,16,57,74,58,45,81,84,53,76,0,0,0,0,[]
130,8,29,39,64,41,57,68,93,43,69,17,9,67,80,59,45,73,87,62,78,0,0,0,0,[]
131,8,30,46,73,44,54,68,92,50,82,17,9,68,81,59,45,74,90,71,87,0,0,0,0,[]
132,18,34,51,83,47,49,67,92,63,88,90,4,60,77,54,47,74,88,74,87,0,0,0,0,[]
133,24,34,56,83,46,48,71,94,70,89,78,6,50,81,55,46,78,88,81,90,0,0,0,0,[]
134,19,26,59,85,41,53,71,90,71,86,67,7,50,81,58,42,80,87,78,87,0,0,0,0,[]
135,17,17,60,86,41,53,70,91,64,88,55,8,57,76,56,47,77,88,72,83,0,0,0,0,[]
136,17,16,62,86,6,94,69,92,70,89,44,9,67,80,56,47,78,86,77,86,0,0,0,0,[]
137,19,19,63,91,8,94,70,94,68,91,33,9,69,84,95,4,76,87,69,83,0,0,0,0,[]
138,25,27,62,93,17,86,67,88,66,88,25,10,67,84,95,4,76,88,71,83,0,0,0,0,[]
139,31,36,62,89,25,78,69,90,65,90,16,16,68,80,52,49,78,86,67,80,0,0,0,0,[]
140,30,37,66,93,42,55,78,91,74,89,17,16,69,80,54,55,81,84,70,80,0,0,0,0,[]
141,25,33,73,90,41,54,76,91,75,92,12,18,74,87,57,66,78,86,76,92,0,0,0,0,[]
142,25,33,64,91,43,52,75,92,75,92,8,26,73,93,63,76,74,88,74,92,0,0,0,0,"['11:47 FPXLwx(圣枪游侠) 击杀了 OMGkRYST4L(皮城女警)', '11:48 FPXCrisp(血港鬼影) 击杀了 OMGHudie(光辉女郎)']"
143,20,26,53,86,51,45,75,92,75,92,7,26,78,91,56,66,70,90,70,93,0,0,0,0,[]
144,11,23,51,73,51,42,75,92,75,92,5,27,78,91,55,54,71,90,71,91,0,0,0,0,[]
145,12,20,52,75,46,38,75,92,2,96,8,17,89,4,61,43,72,89,77,90,0,0,0,0,[]
146,13,12,52,76,25,16,6,96,10,86,14,11,89,4,55,45,79,84,81,91,0,0,0,0,[]
147,14,12,47,78,19,13,18,91,21,76,14,11,79,5,55,45,79,84,95,4,0,0,0,0,['12:14 OMGicon(符文法师) 击杀了 FPXGimGoon(万花通灵)']
148,14,17,47,78,21,28,31,89,35,74,14,11,66,7,90,7,94,8,90,5,0,0,0,0,[]
149,23,13,4,96,31,38,43,91,48,68,14,11,54,9,81,14,94,9,76,16,0,0,0,0,[]
150,26,10,13,90,37,49,56,90,57,64,14,11,44,14,70,25,90,21,64,22,0,0,0,0,[]
151,25,12,27,85,45,49,71,88,57,65,14,11,41,17,62,33,89,36,50,33,0,0,0,0,[]
152,22,12,36,77,47,56,80,87,64,77,14,11,29,19,54,43,89,49,36,37,0,0,0,0,[]
153,14,18,47,79,58,61,82,84,73,77,93,4,23,24,47,37,88,59,22,28,0,0,0,0,[]
154,6,28,59,75,71,62,81,78,80,76,78,6,28,31,47,35,90,72,29,34,0,0,0,0,[]
155,6,28,71,66,82,65,89,72,88,71,65,7,38,39,46,38,93,69,41,42,0,0,0,0,[]
156,2,96,79,65,86,66,86,76,87,66,60,8,46,47,51,50,93,65,52,51,0,0,0,0,[]
157,4,91,75,67,77,62,81,81,77,63,84,64,55,57,59,59,87,75,62,62,0,0,0,0,[]
158,10,84,72,69,75,67,73,73,77,62,79,61,59,69,70,63,85,78,70,66,0,0,0,0,[]
159,63,62,72,63,69,66,69,66,76,68,79,63,65,77,79,65,78,73,70,67,0,0,0,0,"['13:12 OMGicon(符文法师) 击杀了 FPXCrisp(血港鬼影)', '13:13 FPXDoinb(机械先驱) 击杀了 OMGHudie(光辉女郎)']"
160,61,61,63,60,68,57,61,63,76,68,70,65,57,66,70,66,69,68,70,67,0,0,0,0,[]
161,58,63,65,67,65,62,59,62,76,68,68,63,63,61,67,66,67,64,70,67,0,0,0,0,"['13:22 FPXTian(狂战士) 击杀了 OMGkRYST4L(皮城女警)', '13:24 FPXLwx(圣枪游侠) 击杀了 OMGicon(符文法师)']"
162,57,71,56,68,65,62,59,62,76,68,65,60,65,62,65,63,72,64,70,67,0,0,0,0,[]
163,50,61,47,65,65,62,59,62,2,95,65,64,66,68,65,63,64,70,93,10,0,0,0,0,[]
164,45,55,46,65,65,62,59,62,15,91,57,58,63,63,60,59,73,70,81,22,0,0,0,0,['13:38 FPX 击杀了火龙']
165,37,49,37,63,65,62,59,62,27,87,45,52,55,53,49,53,81,79,70,31,0,0,0,0,[]
166,32,43,24,56,65,62,3,96,30,72,39,42,49,43,45,53,79,86,58,40,0,0,0,0,[]
167,28,50,22,55,65,62,13,88,34,60,31,47,38,37,44,53,74,92,48,46,0,0,0,0,[]
168,23,55,22,47,10,93,14,76,31,58,30,37,33,31,43,48,73,92,42,44,0,0,0,0,[]
169,23,55,24,43,16,84,25,70,39,53,28,32,31,33,36,39,74,91,31,43,0,0,0,1,"['14:4 FPXLwx(圣枪游侠) 击破了防御塔,获得一塔']"
170,3,96,22,44,17,71,35,62,35,47,26,31,30,33,35,37,79,90,34,39,0,0,0,1,[]
171,15,95,21,48,18,59,40,54,40,50,25,29,28,32,31,35,81,90,34,38,0,0,0,1,[]
172,27,94,19,48,16,49,45,47,46,49,25,29,28,33,44,37,94,4,33,42,0,0,0,1,[]
173,39,94,19,49,11,39,46,49,44,50,31,34,32,37,55,32,90,5,33,43,0,0,0,1,[]
174,52,93,3,95,7,33,47,52,44,51,26,32,23,37,56,41,89,5,41,42,0,0,0,1,[]
175,54,86,9,84,5,45,45,52,42,53,26,32,15,37,52,46,9,29,25,37,0,0,0,2,['14:35 FPXLwx(圣枪游侠) 击破了防御塔']
176,63,87,18,75,7,53,48,56,56,57,94,15,15,39,54,44,8,29,30,39,0,0,0,2,[]
177,73,88,29,72,8,50,56,61,59,58,92,28,16,36,56,41,13,34,41,44,0,0,0,2,[]
178,78,90,40,76,7,45,60,61,58,61,91,41,23,30,56,41,20,34,50,44,0,0,0,2,[]
179,79,87,55,83,5,47,49,58,45,57,89,54,93,8,86,9,25,25,49,42,0,0,0,2,[]
180,79,74,54,84,7,45,48,53,48,55,90,68,88,16,79,20,35,24,49,42,0,0,0,2,[]
181,79,77,53,84,9,33,53,55,51,55,89,75,83,28,71,30,23,23,89,6,0,0,0,2,[]
182,83,80,52,84,12,23,62,63,61,61,88,76,80,40,61,39,19,24,77,17,0,0,0,2,[]
183,84,81,64,82,8,31,54,61,57,63,88,75,75,49,58,44,14,21,69,29,0,0,0,2,[]
184,82,86,74,76,6,38,45,55,57,68,89,74,73,52,67,42,14,15,67,42,0,0,0,2,[]
185,90,81,74,76,7,32,43,57,56,68,88,64,74,53,72,49,22,14,63,53,0,0,0,2,[]
186,88,83,62,75,11,34,48,54,48,57,78,64,70,62,71,41,20,10,64,58,0,0,0,2,[]
187,83,83,53,67,14,33,48,52,45,55,77,70,69,67,67,40,19,11,58,63,0,0,0,2,[]
188,78,89,43,67,12,24,44,50,41,44,80,76,71,70,56,44,16,15,57,67,0,0,0,2,[]
189,66,93,42,54,10,22,37,40,41,33,86,80,72,70,51,41,20,15,57,67,0,0,0,2,[]
190,58,94,40,43,11,31,36,43,37,42,80,78,61,62,48,35,30,19,53,57,0,0,0,2,[]
191,58,94,33,43,19,36,44,51,44,51,70,68,56,57,47,38,42,23,61,58,0,0,0,2,[]
192,8,94,39,52,11,31,42,53,42,56,58,63,50,53,47,48,51,27,53,60,0,0,0,2,[]
193,18,85,39,59,15,19,39,61,36,60,49,60,47,55,48,54,47,38,48,54,0,0,0,2,[]
194,27,75,35,65,14,14,33,62,33,63,43,58,41,60,41,60,39,28,38,56,0,0,0,3,['16:9 FPXTian(狂战士) 击破了防御塔']
195,29,66,33,69,11,13,29,69,32,68,40,61,38,63,36,61,29,19,35,62,0,0,0,3,[]
196,34,74,36,67,4,96,32,63,33,66,47,59,46,58,42,58,30,12,45,58,0,0,0,3,[]
197,44,79,44,67,14,90,40,61,42,67,53,61,51,63,48,54,40,15,55,56,0,0,0,3,[]
198,55,82,43,67,18,80,39,59,39,61,65,64,64,62,53,52,37,15,56,56,0,0,0,3,[]
199,65,88,2,96,18,68,35,61,36,64,76,70,75,60,57,48,36,14,56,56,0,0,0,3,[]
200,68,91,13,87,18,55,34,63,31,67,78,82,83,56,55,53,25,11,92,4,0,0,0,3,[]
201,68,92,21,76,20,53,31,66,31,67,77,88,76,57,61,61,17,15,75,7,0,0,0,3,[]
202,67,92,30,70,14,49,35,60,3,95,76,88,69,63,51,53,22,8,67,18,0,0,0,3,[]
203,66,91,40,67,9,38,39,65,3,93,80,83,70,64,47,53,24,6,64,31,0,0,0,3,[]
204,71,91,44,70,8,33,38,63,14,84,83,89,67,63,55,59,95,4,57,43,0,0,0,3,[]
205,72,85,42,77,13,23,36,64,27,75,80,88,57,66,57,71,91,5,47,54,0,0,0,3,[]
206,71,89,47,79,13,21,38,66,41,77,79,89,57,77,62,75,81,12,54,65,0,0,0,3,[]
207,59,89,47,79,21,14,41,75,46,79,73,88,55,76,57,72,70,18,57,75,0,0,0,3,[]
208,54,85,50,75,26,10,47,79,48,77,69,79,58,70,56,63,59,23,57,69,0,0,0,3,[]
209,55,92,41,67,19,9,40,71,40,72,72,84,57,67,50,54,46,16,55,59,0,0,0,3,[]
210,56,92,31,58,18,10,39,60,36,61,83,89,95,4,47,51,34,12,47,53,0,0,0,3,[]
211,55,85,21,50,16,11,39,59,38,60,81,90,84,8,41,45,22,13,44,49,0,0,0,3,[]
212,55,85,16,44,9,14,38,61,33,60,80,88,73,14,30,39,13,15,32,39,0,0,0,3,[]
213,58,85,18,47,9,15,33,64,31,64,81,85,64,22,36,39,16,14,24,42,0,0,0,3,['17:41 FPXLwx(圣枪游侠) 击杀了 OMGicon(符文法师)']
214,52,85,12,49,9,15,32,66,19,62,82,84,58,32,45,47,13,22,22,48,0,0,0,3,[]
215,55,89,11,51,9,15,32,66,20,64,95,4,54,43,46,49,9,34,21,48,0,0,0,3,[]
216,55,93,2,96,9,15,10,94,10,60,93,15,44,51,42,51,10,36,20,52,0,0,0,3,[]
217,55,93,11,83,9,15,15,83,8,57,92,28,36,60,33,60,11,40,21,55,0,0,0,3,[]
218,55,93,21,75,9,15,23,74,18,64,90,41,33,66,33,63,13,42,28,59,0,0,0,3,[]
219,5,95,28,68,9,15,30,70,29,69,89,54,37,61,37,59,18,46,30,55,0,0,0,4,['18:13 FPXTian(狂战士) 击破了防御塔']
220,13,94,19,61,2,95,32,64,33,66,87,67,48,55,40,57,24,38,28,52,0,0,0,4,[]
221,27,93,18,54,4,83,37,58,38,63,83,78,58,62,46,53,36,40,28,52,0,0,0,4,[]
222,41,93,22,50,5,71,40,58,34,61,77,80,62,60,54,50,47,46,86,8,0,0,0,4,[]
223,55,92,31,49,6,59,36,61,32,48,71,88,65,70,63,41,51,35,74,21,0,0,0,4,[]
224,59,91,40,42,7,46,35,60,41,44,69,91,68,72,72,40,47,38,66,32,0,0,0,4,[]
225,60,92,41,31,9,33,41,51,37,42,76,87,66,70,65,40,55,45,56,43,0,0,0,4,[]
226,53,93,45,23,11,26,32,44,26,32,75,75,66,69,62,39,51,52,52,56,0,0,0,4,[]
227,54,94,42,23,19,16,31,43,25,28,69,67,71,69,95,4,48,53,54,67,0,0,0,4,['18:51 FPX 击杀了水龙']
228,48,92,30,19,25,12,31,55,25,28,62,62,71,69,88,8,50,55,45,68,0,0,0,4,[]
229,35,87,30,19,25,10,22,58,12,90,74,68,59,63,75,10,50,55,42,56,0,0,0,4,[]
230,28,76,29,20,25,10,20,70,20,77,79,79,49,65,62,10,89,4,49,47,0,0,0,4,[]
231,35,86,29,21,26,10,24,72,22,73,79,87,51,64,49,10,76,6,43,35,0,0,0,4,[]
232,47,92,5,92,20,11,28,66,24,66,67,89,46,53,38,14,69,12,32,23,0,1,0,4,['19:18 OMGicon(符文法师) 击破了防御塔']
233,52,94,7,88,15,11,31,60,32,64,60,92,39,42,44,14,56,10,28,23,0,1,0,4,[]
234,57,93,12,77,11,13,29,60,31,59,71,90,40,35,49,21,44,14,29,23,0,1,0,4,[]
235,62,90,24,71,11,13,35,61,37,61,78,80,40,35,50,33,41,15,94,4,0,1,0,4,[]
236,69,90,36,67,12,13,43,56,41,58,75,87,95,4,50,44,31,17,78,16,0,1,0,4,[]
237,71,88,43,69,12,14,38,60,38,64,79,87,86,7,49,53,20,15,68,27,0,1,0,4,[]
238,62,93,39,65,6,39,36,60,34,60,75,74,75,13,44,58,12,17,58,37,0,1,0,4,[]
239,59,93,32,67,5,46,31,63,31,66,67,64,65,21,42,56,13,18,47,46,0,1,0,4,[]
240,53,87,32,69,5,46,30,67,29,67,63,61,55,30,38,55,17,23,41,45,0,1,0,4,[]
241,65,83,37,62,6,89,35,62,33,62,71,66,44,35,44,53,11,23,31,44,0,1,0,4,[]
242,77,86,33,66,6,82,29,66,31,65,80,76,29,37,39,58,9,34,30,55,0,1,0,4,[]
243,81,82,32,54,6,70,27,66,29,58,87,79,23,44,35,49,10,46,18,54,0,1,0,4,[]
244,80,75,31,68,7,57,2,96,28,65,89,75,24,47,27,50,8,49,22,53,0,1,0,4,[]
245,78,78,32,72,6,53,5,87,13,63,87,68,21,53,38,50,7,50,15,51,0,1,0,4,[]
246,84,80,32,72,7,53,17,76,8,57,87,68,23,59,47,52,10,45,12,48,0,1,0,4,[]
247,86,83,7,87,6,52,28,68,11,56,87,75,21,46,41,45,18,44,25,50,0,1,0,4,[]
248,86,82,18,76,9,50,32,66,18,62,89,74,28,36,33,36,26,36,32,52,0,1,0,4,[]
249,78,76,20,64,8,47,31,63,18,54,91,73,33,31,32,34,30,33,27,50,0,1,0,4,[]
250,68,66,19,51,11,47,27,59,20,46,93,70,32,32,32,34,30,33,30,45,0,1,0,4,[]
251,57,58,20,46,16,49,21,51,19,44,93,70,26,37,24,38,22,38,33,43,0,1,0,4,[]
252,46,54,23,51,18,48,24,55,17,44,94,4,27,37,31,38,27,35,32,52,0,1,0,4,['20:56 FPXDoinb(机械先驱) 击杀了 OMGHudie(光辉女郎)']
253,43,57,32,50,26,51,35,59,17,44,82,14,25,31,44,39,38,37,35,40,0,1,0,4,[]
254,40,51,34,40,33,47,37,50,17,44,70,25,17,23,56,42,41,26,41,36,0,1,0,4,[]
255,40,51,29,36,27,37,31,40,17,44,57,28,24,32,46,37,41,29,37,38,0,1,0,4,[]
256,33,49,26,35,24,35,31,46,17,44,38,56,24,36,33,43,35,37,31,44,0,1,0,4,['21:20 FPXDoinb(机械先驱) 击杀了 OMGkRYST4L(皮城女警)']
257,30,38,23,43,21,45,31,46,17,44,29,53,28,39,32,41,26,37,32,39,0,1,0,4,"['21:21 OMGicon(符文法师) 击杀了 FPXTian(狂战士)', '21:23 OMGCurse(猩红收割者) 击杀了 FPXCrisp(血港鬼影)']"
258,29,38,19,49,16,49,31,46,6,89,20,49,28,39,30,49,21,45,32,39,0,1,0,4,"['21:26 FPXDoinb(机械先驱) 击杀了 OMGCurse(猩红收割者)', '21:30 FPXGimGoon(万花通灵) 击杀了 OMGWorld6(德玛西亚皇子)']"
259,29,38,19,49,10,52,31,46,8,70,13,49,28,39,36,50,13,49,32,39,0,1,0,4,[]
260,29,38,19,49,8,52,31,46,17,62,20,45,28,39,44,50,20,45,32,39,0,1,0,4,['21:36 FPXLwx(圣枪游侠) 击杀了 OMGicon(符文法师)']
261,29,38,19,49,8,52,31,46,19,59,29,34,28,39,36,40,27,36,32,39,0,1,0,4,[]
262,29,38,19,49,8,52,31,46,26,50,30,30,28,39,32,31,31,33,32,39,0,1,0,4,[]
263,29,38,19,49,8,52,31,46,36,40,30,32,28,39,32,31,32,33,80,12,0,1,0,4,[]
264,29,38,19,49,8,52,2,96,32,38,29,33,90,6,29,32,30,33,65,21,0,1,0,4,[]
265,29,38,12,90,8,52,33,41,35,40,29,37,75,15,29,35,27,36,54,31,0,1,0,4,[]
266,2,96,18,76,8,52,36,48,40,45,36,39,64,22,36,40,32,47,44,43,0,1,0,4,[]
267,33,43,26,71,8,52,38,50,45,52,42,39,54,31,41,44,44,50,43,48,0,1,0,4,"['22:11 FPXLwx(圣枪游侠) 击杀了 OMGkRYST4L(皮城女警)', '22:13 FPXCrisp(血港鬼影) 击杀了 OMGHudie(光辉女郎)']"
268,25,52,33,64,5,93,38,50,45,52,46,36,51,36,52,44,51,45,36,41,0,1,0,4,[]
269,21,55,41,55,20,84,38,50,45,52,48,40,41,36,58,41,51,45,34,39,0,1,0,4,[]
270,21,54,44,57,21,82,38,50,45,52,46,51,32,43,58,41,95,4,36,43,0,1,0,4,[]
271,32,61,41,66,33,65,38,50,45,52,45,52,31,51,92,9,43,45,24,52,0,1,0,4,[]
272,38,63,49,65,41,60,38,50,45,52,39,43,32,38,84,25,31,33,21,47,0,1,0,4,[]
273,45,57,48,56,42,58,38,50,45,52,32,34,34,30,73,29,32,32,28,37,0,1,0,4,[]
274,52,49,45,46,49,50,6,95,11,82,32,34,32,31,65,39,35,31,35,39,0,1,0,4,[]
275,55,49,44,43,51,47,16,82,24,71,32,34,32,31,57,43,33,33,38,39,0,1,0,4,[]
276,45,49,41,39,47,51,23,72,32,59,32,34,32,31,52,46,34,37,38,40,0,1,0,4,[]
277,49,49,44,46,47,52,32,62,37,50,37,39,32,38,51,49,44,43,43,45,0,1,0,4,['23:2 FPX 击杀了大龙']
278,60,50,42,47,53,53,43,57,45,56,46,48,35,49,55,46,46,46,50,49,0,1,0,4,"['23:7 FPXLwx(圣枪游侠) 击杀了 OMGWorld6(德玛西亚皇子)', '23:8 OMGCurse(猩红收割者) 击杀了 FPXDoinb(机械先驱)']"
279,70,49,42,47,57,58,51,63,52,63,53,53,45,57,55,46,53,55,56,54,0,1,0,4,[]
280,73,44,42,47,56,83,44,68,42,68,58,57,48,55,55,46,50,55,62,61,0,1,0,4,[]
281,73,44,42,47,51,88,38,66,37,65,66,61,58,59,55,46,45,55,71,48,0,1,0,4,[]
282,6,94,42,47,53,87,38,61,35,62,76,69,63,62,55,46,49,55,66,48,0,1,0,4,[]
283,17,85,42,47,52,91,34,65,32,65,80,82,65,57,55,46,95,4,95,4,0,1,0,4,[]
284,17,71,42,47,54,93,29,68,36,75,79,87,91,11,55,46,87,17,82,15,0,1,0,4,[]
285,18,57,10,92,52,94,38,76,48,77,82,90,84,26,55,46,80,33,69,28,0,1,0,4,[]
286,17,43,24,78,55,92,48,78,46,79,89,7,80,41,55,46,80,47,59,38,0,1,0,4,[]
287,17,34,34,74,55,89,45,79,46,79,75,20,77,53,55,46,74,59,55,52,0,1,0,4,[]
288,18,22,42,69,52,92,45,79,5,95,66,31,71,64,95,4,68,68,58,66,0,1,0,4,[]
289,17,14,39,74,52,92,8,94,17,80,54,30,66,71,80,51,67,66,56,67,0,1,0,4,[]
290,11,14,36,77,9,95,21,82,28,69,47,17,63,64,80,55,75,73,52,76,0,1,0,4,['24:7 FPX 击杀了火龙']
291,11,14,41,77,25,93,31,74,34,74,37,9,52,60,78,48,77,86,54,67,0,1,0,4,[]
292,17,9,47,79,38,93,34,66,33,72,42,8,47,56,70,41,77,86,47,56,0,1,0,4,[]
293,17,9,48,78,50,92,35,64,34,67,44,15,46,56,59,45,79,87,42,55,0,1,0,4,[]
294,17,9,38,76,55,93,33,70,35,74,50,17,45,55,49,54,80,90,36,58,0,1,0,4,[]
295,17,9,34,74,44,89,30,67,33,73,57,27,41,61,47,58,79,89,48,59,0,1,0,4,[]
296,16,10,30,68,42,91,29,70,29,72,56,39,42,66,48,67,73,90,46,71,0,1,0,4,[]
297,13,13,32,74,42,92,30,70,34,81,48,50,41,71,39,66,59,90,47,79,0,1,0,4,[]
298,11,13,35,87,45,93,29,80,38,89,38,60,42,68,36,66,50,90,45,82,0,1,0,4,[]
299,3,96,44,91,46,92,38,89,43,92,39,72,46,74,46,73,54,89,53,92,0,1,0,4,[]
300,17,91,40,91,37,91,35,89,39,90,34,74,44,83,50,84,54,91,50,94,0,1,0,4,[]
301,25,78,37,88,33,68,30,69,33,70,38,67,39,77,44,82,54,92,51,92,0,1,0,4,[]
302,29,84,34,91,26,74,27,71,28,76,38,63,41,81,47,81,51,84,48,83,0,1,0,4,[]
303,25,78,26,88,30,85,31,75,31,83,42,68,41,84,52,91,53,89,53,91,0,1,0,4,[]
304,28,79,9,93,30,91,28,76,31,85,37,61,42,91,43,91,43,91,43,90,0,1,0,5,['25:18 FPXDoinb(机械先驱) 击破了防御塔']
305,25,82,14,93,26,91,28,86,27,86,37,64,36,93,36,88,34,94,37,92,0,1,0,5,[]
306,29,86,30,94,29,94,29,90,27,88,31,72,37,91,38,88,38,94,37,93,0,1,0,5,[]
307,25,75,23,94,29,93,30,90,25,81,26,69,35,79,39,87,37,92,39,91,0,1,0,5,[]
308,22,75,11,95,26,87,27,87,24,78,26,67,30,74,38,76,37,89,35,87,0,1,0,5,[]
309,20,71,7,94,30,92,23,77,21,76,28,68,29,72,28,73,37,89,31,76,0,1,0,5,[]
310,24,72,22,86,30,91,23,86,23,77,28,69,36,80,28,69,36,93,35,83,0,1,0,5,[]
311,17,81,28,92,27,95,26,93,26,88,32,76,34,87,34,79,35,92,34,89,0,1,0,5,[]
312,19,79,27,88,29,93,28,94,26,88,32,75,34,84,33,82,37,90,36,84,0,1,0,5,[]
313,21,75,23,81,27,85,22,87,23,81,25,69,29,73,34,78,32,77,32,76,0,1,0,5,[]
314,20,74,24,78,29,79,22,78,23,76,26,69,30,74,25,69,26,72,29,73,0,1,0,5,[]
315,18,81,22,82,24,83,22,85,20,82,29,74,27,76,22,73,21,74,25,74,0,1,0,6,['26:12 FPXLwx(圣枪游侠) 击破了防御塔']
316,15,84,22,87,28,89,13,92,21,91,34,80,26,76,27,75,24,78,24,79,0,1,0,6,[]
317,16,78,26,91,32,93,8,94,29,93,36,84,33,81,33,82,31,83,27,81,0,1,0,6,[]
318,20,82,31,89,34,92,24,91,30,90,42,89,36,84,33,82,29,82,34,83,0,1,0,6,[]
319,24,89,29,94,28,95,27,91,26,92,36,92,36,93,34,86,30,82,35,94,0,1,0,6,[]
320,23,95,28,93,27,96,27,94,25,92,36,89,35,94,34,86,30,85,38,90,0,1,0,6,[]
321,10,95,17,94,15,95,24,92,25,90,33,91,33,92,32,90,30,87,34,91,0,1,0,6,[]
322,5,96,4,97,9,95,26,93,14,93,35,88,34,94,34,89,30,85,35,93,0,1,0,6,[]
323,15,88,19,91,19,89,19,95,12,95,32,92,25,92,25,92,24,90,23,94,0,1,0,7,['26:53 FPXLwx(圣枪游侠) 击破了防御塔']
324,27,92,24,93,22,85,18,95,15,93,26,87,23,93,21,92,25,89,21,93,0,1,0,7,"['26:56 FPXCrisp(血港鬼影) 击杀了 OMGkRYST4L(皮城女警)', '26:57 FPXDoinb(机械先驱) 击杀了 OMGWorld6(德玛西亚皇子)', '26:59 OMGicon(符文法师) 击杀了 FPXLwx(圣枪游侠)', '27:0 OMGCurse(猩红收割者) 击杀了 FPXTian(狂战士)']"
325,20,95,24,93,25,91,18,95,18,92,30,87,23,93,19,96,25,89,20,94,0,1,0,7,['27:2 OMGicon(符文法师) 击杀了 FPXGimGoon(万花通灵)']
326,19,87,24,93,28,90,18,95,18,87,30,87,23,93,17,96,25,89,20,93,0,1,0,7,"['27:6 OMGCurse(猩红收割者) 击杀了 FPXDoinb(机械先驱)', '27:6 OMGicon(符文法师) 击杀了 FPXCrisp(血港鬼影)']"
327,16,79,24,93,35,89,18,95,18,80,30,87,23,93,17,96,25,89,20,93,0,1,0,7,[]
328,26,69,24,93,44,89,18,95,25,73,30,87,23,93,17,96,25,89,20,93,0,1,0,7,[]
329,37,61,24,93,51,89,18,95,39,61,30,87,23,93,17,96,25,89,20,93,0,1,0,7,[]
330,44,56,24,93,60,85,18,95,46,55,30,87,23,93,17,96,25,89,20,93,0,1,0,7,[]
331,46,48,3,96,65,82,18,95,46,46,30,87,23,93,17,96,25,89,20,93,0,1,0,7,[]
332,56,45,17,81,73,86,5,84,38,37,30,87,23,93,17,96,25,89,20,93,0,1,0,7,[]
333,56,45,26,70,75,88,6,68,34,39,30,87,90,6,17,96,25,89,95,4,0,1,0,7,[]
334,49,52,31,55,72,88,7,55,34,39,30,87,73,14,17,96,25,89,76,15,0,2,0,7,['27:47 OMGCurse(猩红收割者) 击破了防御塔']
335,40,62,34,42,2,96,8,50,3,93,89,14,62,23,17,96,79,10,61,23,0,2,0,7,[]
336,44,69,33,38,7,94,10,46,17,77,73,23,54,32,89,6,63,11,48,22,0,2,0,7,[]
337,43,69,24,42,21,82,8,37,29,65,63,32,49,34,74,16,53,19,44,33,0,2,0,7,[]
338,43,69,23,50,20,72,7,33,31,51,55,41,37,38,63,23,43,23,33,39,0,2,0,7,[]
339,2,96,19,49,18,60,7,35,30,64,44,50,31,44,53,32,29,22,29,50,0,2,0,7,[]
340,9,84,18,59,18,56,5,46,19,62,38,57,27,50,41,37,15,21,27,51,0,2,0,7,[]
341,22,73,25,69,22,66,9,58,26,67,35,60,31,50,32,44,13,19,30,54,0,2,0,7,[]
342,29,71,30,68,28,68,19,66,30,71,31,56,24,52,26,51,10,24,39,55,0,2,0,7,[]
343,34,68,32,68,32,69,30,68,35,66,37,50,31,48,34,43,14,22,42,52,0,2,0,7,[]
344,42,59,40,62,39,62,39,62,40,60,46,51,32,50,46,45,9,34,48,52,0,2,0,7,[]
345,52,50,44,55,45,56,46,57,45,56,56,41,35,42,56,41,9,48,59,40,0,2,0,7,[]
346,57,44,60,40,56,41,58,47,57,43,58,37,47,40,60,40,11,49,60,41,0,2,0,7,"['28:48 FPXCrisp(血港鬼影) 击杀了 OMGicon(符文法师)', '28:48 FPXGimGoon(万花通灵) 击杀了 OMGHudie(光辉女郎)']"
347,63,50,60,41,56,41,59,46,57,43,59,48,59,49,57,40,59,46,61,43,0,2,0,7,"['28:52 OMGCurse(猩红收割者) 击杀了 FPXDoinb(机械先驱)', '28:52 FPXLwx(圣枪游侠) 击杀了 OMGWorld6(德玛西亚皇子)', '28:53 FPXDoinb(机械先驱) 击杀了 OMGkRYST4L(皮城女警)']"
348,63,50,60,41,56,41,59,46,57,43,52,51,52,48,57,40,52,50,49,50,0,2,0,7,['28:56 FPXTian(狂战士) 击杀了 OMGCurse(猩红收割者)']
349,63,50,60,41,56,41,59,46,57,43,43,59,44,55,57,40,43,57,37,61,0,2,0,7,[]
350,63,50,60,41,56,41,59,46,57,43,32,70,34,63,57,40,31,67,26,71,0,2,0,7,[]
351,63,50,60,41,56,41,59,46,57,43,23,78,25,72,57,40,22,74,18,78,0,2,0,7,[]
352,63,50,60,41,56,41,59,46,57,43,15,81,17,81,57,40,14,81,14,83,0,2,0,7,[]
353,63,50,60,41,56,41,59,46,57,43,12,90,13,87,57,40,13,87,11,91,0,2,0,8,['29:24 FPX 击破了防御塔']
354,63,50,60,41,56,41,59,46,2,96,6,90,10,91,57,40,9,94,9,91,0,2,0,9,['29:26 FPXLwx(圣枪游侠) 击破了防御塔']
355,63,50,2,96,56,41,59,46,7,94,6,90,10,91,57,40,9,92,9,91,0,2,0,9,[]
356,63,50,2,96,56,41,59,46,7,94,6,90,10,91,57,40,9,92,9,91,0,2,0,9,['29:40 FPX 获胜']
