,IGTheShy, ,IGNing, ,IGForge, ,IGJackeyLove, ,IGBaolan, ,TES369, ,TESXx, ,TESKnight9, ,TESLokeN, ,TESBen, ,blue_economics,blue_towers,red_economics,red_towers,captions
0,3,96,4,98,2,99,0,97,1,95,94,5,96,5,95,2,97,3,93,3,0,0,0,0,[]
1,3,94,4,97,2,98,1,97,1,96,94,5,95,5,95,2,97,3,93,3,0,0,0,0,[]
2,3,94,2,97,4,95,4,96,2,95,93,5,93,6,94,6,97,3,93,3,0,0,0,0,[]
3,3,94,4,95,5,95,5,97,4,95,92,4,93,6,94,6,94,5,93,3,0,0,0,0,[]
4,14,73,16,79,22,80,27,93,21,86,70,7,77,20,77,18,84,25,92,5,0,0,0,0,[]
5,20,50,32,62,37,64,50,89,39,73,47,11,58,28,63,36,80,46,80,23,0,0,0,0,[]
6,22,32,34,43,46,52,68,81,51,63,29,20,47,39,52,48,66,58,66,41,0,0,0,0,[]
7,20,27,34,42,46,53,69,79,49,57,30,22,56,44,53,48,69,62,65,56,0,0,0,0,[]
8,20,28,34,42,47,54,69,77,47,56,29,22,64,52,56,44,63,61,57,56,0,0,0,0,[]
9,20,28,10,95,45,55,67,78,50,65,29,22,63,61,55,51,61,62,55,59,0,0,0,0,[]
10,20,28,22,93,44,56,57,76,47,73,29,21,57,67,56,58,56,68,55,68,0,0,0,0,[]
11,20,28,33,90,46,58,53,76,50,73,29,20,60,60,56,56,58,63,56,64,0,0,0,0,[]
12,20,28,41,86,45,53,57,77,55,76,30,19,66,52,56,56,69,63,67,64,0,0,0,0,[]
13,19,25,47,78,45,53,54,77,55,76,30,22,66,41,89,8,78,64,73,63,0,0,0,0,[]
14,20,27,47,79,45,53,54,76,55,76,30,22,58,34,79,16,76,67,74,63,0,0,0,0,[]
15,20,27,47,79,46,53,54,77,54,76,32,22,49,26,72,25,79,73,79,73,0,0,0,0,[]
16,20,27,47,79,46,53,54,76,53,76,40,23,46,24,65,33,79,74,79,75,0,0,0,0,[]
17,20,27,47,79,46,54,54,76,52,76,48,24,46,24,58,41,79,74,79,75,0,0,0,0,[]
18,20,27,51,73,47,53,52,77,51,77,47,25,48,27,50,48,79,75,78,75,0,0,0,0,[]
19,14,19,49,75,43,54,50,82,51,78,46,25,48,26,50,52,79,75,79,75,0,0,0,0,[]
20,12,18,46,73,46,55,60,86,60,86,40,23,48,27,49,49,72,78,70,80,0,0,0,0,[]
21,20,12,43,69,53,48,70,89,70,89,29,19,51,27,53,48,70,79,70,80,0,0,0,0,[]
22,19,15,35,61,48,51,81,88,81,88,22,12,56,33,53,47,74,78,73,77,0,0,0,0,[]
23,12,17,29,52,48,51,81,87,80,86,15,15,65,40,52,47,79,81,80,83,0,0,0,0,[]
24,10,20,22,47,50,48,76,93,76,93,15,15,70,49,51,49,78,89,78,90,0,0,0,0,[]
25,12,20,22,46,45,52,75,89,77,88,12,17,74,56,52,48,82,87,83,88,0,0,0,0,[]
26,10,19,21,46,48,51,76,87,77,88,12,17,74,59,54,47,82,86,79,88,0,0,0,0,[]
27,10,20,15,43,51,48,74,91,75,91,15,16,75,60,55,45,79,84,81,90,0,0,0,0,[]
28,11,19,16,43,47,46,72,90,72,90,13,15,73,71,59,44,80,86,82,89,0,0,0,0,[]
29,10,19,16,43,43,38,71,91,71,91,15,18,69,80,57,44,80,87,81,90,0,0,0,0,[]
30,10,26,20,50,41,39,68,93,68,93,12,19,62,86,55,48,74,87,75,89,0,0,0,0,[]
31,7,25,25,57,47,49,69,94,69,94,13,17,67,92,52,47,69,90,73,89,0,0,0,0,"['2:35 TESLokeN(¸´³ðÖ®Ã¬) »÷É±ÁË IGJackeyLove(Õ½ÕùÅ®Éñ),»ñµÃÒ»Ñª']"
32,9,23,26,59,48,51,69,94,68,92,13,20,62,84,54,47,74,87,73,88,0,0,0,0,[]
33,9,24,29,59,47,51,2,96,71,87,11,19,55,83,54,48,78,79,78,80,0,0,0,0,[]
34,12,22,32,61,48,50,71,89,68,88,14,17,55,81,54,46,78,74,79,76,0,0,0,0,[]
35,14,16,42,67,48,50,72,89,62,86,15,16,50,83,51,48,78,74,79,76,0,0,0,0,[]
36,16,20,50,75,50,60,73,89,55,80,18,14,56,76,52,48,94,10,94,7,0,0,0,0,[]
37,8,24,57,70,48,56,74,88,57,70,12,23,69,66,52,48,93,21,93,13,0,0,0,0,[]
38,9,27,61,61,47,53,79,86,61,61,12,21,75,58,52,46,92,32,92,25,0,0,0,0,[]
39,9,28,66,51,48,52,82,86,66,51,11,24,83,58,53,47,91,42,91,37,0,0,0,0,[]
40,13,21,73,48,49,50,81,85,73,48,15,18,83,62,50,48,89,53,89,48,0,0,0,0,[]
41,9,27,77,52,45,57,82,83,77,52,12,22,83,61,52,48,88,64,88,59,0,0,0,0,[]
42,7,30,77,52,44,54,81,79,77,52,15,22,83,61,57,49,90,71,87,70,0,0,0,0,[]
43,9,26,74,61,45,55,81,77,74,63,18,24,84,63,50,50,91,72,88,70,0,0,0,0,[]
44,11,22,64,61,44,56,88,79,78,73,18,24,84,63,46,51,90,73,87,73,0,0,0,0,[]
45,11,25,59,60,40,56,87,77,86,77,95,4,85,7,47,50,91,73,90,72,0,0,0,0,[]
46,9,32,58,62,40,56,89,76,91,74,13,18,75,13,50,48,89,69,92,68,0,0,0,0,[]
47,9,32,48,65,43,55,84,79,87,78,13,18,65,20,95,4,91,70,93,69,0,0,0,0,[]
48,3,94,47,66,49,50,76,86,82,84,14,19,57,29,85,10,89,70,90,69,0,0,0,0,[]
49,8,29,47,66,48,51,74,86,74,86,11,19,47,34,75,20,87,73,88,71,0,0,0,0,[]
50,10,21,41,66,49,50,2,96,1,97,14,19,37,39,67,29,85,78,87,79,0,0,0,0,[]
51,11,23,32,59,49,50,12,95,11,94,12,21,27,35,61,38,85,79,90,80,0,0,0,0,[]
52,11,27,32,48,4,95,23,94,23,94,12,23,24,32,57,42,84,79,90,81,0,0,0,0,[]
53,7,26,29,38,11,90,34,91,34,91,19,25,24,31,58,43,83,80,89,82,0,0,0,0,[]
54,7,30,23,44,20,82,45,89,45,89,23,36,23,40,53,44,83,81,87,84,0,0,0,0,[]
55,7,27,19,49,20,72,54,85,54,85,19,49,21,48,52,44,79,87,81,91,0,0,0,0,[]
56,8,25,17,49,25,66,60,83,60,86,22,42,22,44,54,43,81,88,81,90,0,0,0,0,['4:36 TES369(»ÄÄ®ÍÀ·ò) »÷É±ÁË IGNing(µÂ°î×Ü¹Ü)']
57,9,21,17,49,35,61,64,88,63,87,22,32,30,37,54,44,80,84,79,90,0,0,0,0,[]
58,11,22,4,94,45,54,70,90,70,89,16,22,41,34,53,45,79,80,80,90,0,0,0,0,[]
59,12,23,8,87,47,53,72,92,71,89,13,18,42,18,53,47,79,80,95,5,0,0,0,0,[]
60,8,24,13,76,45,53,71,90,70,89,9,22,43,16,50,50,93,8,92,16,0,0,0,0,[]
61,8,26,17,66,45,53,74,90,71,88,10,22,42,15,50,50,92,14,91,28,0,0,0,0,[]
62,8,25,18,54,45,52,80,88,77,86,11,20,43,16,48,49,92,25,90,39,0,0,0,0,[]
63,11,23,14,43,49,52,82,90,80,80,11,18,44,14,50,49,91,36,89,51,0,0,0,0,[]
64,9,25,15,42,49,52,82,90,85,88,18,15,49,20,50,51,90,46,88,62,0,0,0,0,[]
65,9,25,18,47,48,51,78,87,83,89,24,15,52,32,54,45,89,57,87,74,0,0,0,0,[]
66,7,26,26,57,47,51,78,90,82,90,24,15,51,35,53,46,87,68,88,83,0,0,0,0,[]
67,8,24,27,59,47,52,77,89,83,89,87,4,42,39,51,44,85,78,85,87,0,0,0,0,[]
68,9,21,27,59,52,45,77,89,77,89,76,6,48,45,49,46,84,83,85,88,0,0,0,0,[]
69,10,20,37,58,57,49,76,87,76,87,62,7,55,48,49,49,80,82,83,89,0,0,0,0,[]
70,10,21,48,54,58,45,75,88,75,89,51,8,59,45,56,46,81,83,79,88,0,0,0,0,['5:49 TESXx(¾ÆÍ°) »÷É±ÁË IGForge(µ¶·æÎèÕß)']
71,9,22,48,50,58,45,76,89,76,89,40,10,69,41,54,47,82,84,84,88,0,0,0,0,[]
72,9,21,46,53,58,45,76,89,76,89,28,12,70,40,51,49,79,88,82,87,0,0,0,0,[]
73,11,23,46,53,5,94,71,89,73,90,18,16,67,40,50,51,80,88,80,86,0,0,0,0,[]
74,13,22,47,58,14,86,76,88,77,89,14,16,65,41,48,52,85,84,84,86,0,0,0,0,[]
75,11,18,41,54,22,78,75,88,76,90,15,16,95,4,51,49,80,84,81,90,0,0,0,0,[]
76,13,17,43,55,30,69,72,90,72,90,16,16,92,11,52,48,80,85,79,90,0,0,0,0,[]
77,13,21,45,56,39,61,79,87,79,87,17,18,86,23,95,4,82,81,86,85,0,0,0,0,[]
78,9,22,54,65,48,53,80,87,80,87,14,19,80,34,89,7,82,82,86,85,0,0,0,0,[]
79,17,20,61,74,49,50,81,87,81,87,17,13,80,46,81,14,86,80,88,83,0,0,0,0,[]
80,17,14,66,77,56,56,83,86,83,84,17,11,83,57,74,22,86,79,87,82,0,0,0,0,[]
81,16,18,65,78,64,58,83,85,83,85,18,16,83,60,67,31,88,78,88,79,0,0,0,0,[]
82,10,24,53,76,62,62,84,84,84,84,12,21,82,60,59,39,89,78,88,78,0,0,0,0,[]
83,5,31,50,74,55,58,84,85,84,85,8,27,78,50,57,44,87,78,88,80,0,0,0,0,[]
84,9,24,47,73,47,54,78,88,78,88,15,18,69,45,52,47,88,74,87,76,0,0,0,0,[]
85,10,22,47,65,47,53,81,91,81,91,14,17,58,34,52,48,88,71,87,73,0,0,0,0,[]
86,10,21,45,66,49,51,83,88,83,88,14,18,43,36,51,47,95,4,95,4,0,0,0,0,[]
87,16,21,48,66,48,54,82,85,81,82,16,19,29,35,50,48,92,10,93,14,0,0,0,0,[]
88,17,21,56,59,47,52,84,82,81,80,13,21,25,31,49,48,92,20,85,23,0,0,0,0,['7:17 TES369(»ÄÄ®ÍÀ·ò) »÷É±ÁË IGTheShy(ÀëÈºÖ®´Ì)']
89,17,21,53,51,48,47,84,87,81,81,12,20,35,39,48,48,91,31,74,29,0,0,0,0,[]
90,17,21,54,43,54,41,84,87,84,87,8,30,41,42,54,41,90,42,64,36,0,0,0,0,['7:30 IGForge(µ¶·æÎèÕß) »÷É±ÁË TESKnight9(ÐÉºìÊÕ¸îÕß)']
91,3,92,51,53,51,49,6,95,4,95,9,30,41,42,55,41,90,53,68,45,0,0,0,0,[]
92,5,80,40,58,51,49,8,95,13,92,9,22,31,37,55,41,89,63,78,51,0,0,0,0,[]
93,6,68,29,59,56,46,19,94,24,90,8,17,25,32,55,41,89,73,77,61,0,0,0,0,[]
94,7,56,21,51,53,49,30,93,30,83,8,17,24,27,55,41,88,74,66,60,0,0,0,0,[]
95,7,43,22,48,58,45,41,92,39,76,91,4,34,23,92,8,87,75,68,64,0,0,0,0,[]
96,8,32,22,48,47,47,53,91,41,72,77,5,43,17,86,17,90,74,76,71,0,0,0,0,[]
97,10,25,21,46,54,44,63,89,50,66,66,6,42,16,78,25,83,78,85,80,0,0,0,0,[]
98,12,19,15,43,48,51,74,88,57,64,55,7,43,15,70,32,88,77,89,82,0,0,0,0,[]
99,12,17,15,42,47,52,76,88,61,74,43,9,48,18,61,39,85,78,89,82,0,0,0,0,[]
100,12,18,18,46,2,96,79,87,69,82,35,16,50,26,56,45,83,80,89,83,0,0,0,0,[]
101,13,18,26,57,8,93,78,87,78,87,25,14,51,27,48,52,84,81,87,85,0,0,0,0,[]
102,14,19,26,59,17,86,76,87,76,87,17,15,52,31,50,52,83,80,84,87,0,0,0,0,[]
103,16,20,34,63,25,77,70,89,70,84,18,13,53,37,50,51,81,85,80,90,0,0,0,0,[]
104,17,17,44,70,33,66,74,89,75,88,18,14,52,36,50,52,81,84,81,91,0,0,0,0,[]
105,17,18,50,80,40,57,73,90,73,90,20,13,52,36,57,48,79,85,80,90,0,0,0,0,[]
106,14,18,57,83,45,55,73,91,73,91,20,13,94,6,53,50,80,85,83,89,0,0,0,0,[]
107,15,19,57,83,52,62,71,91,71,91,16,12,88,18,57,48,78,87,78,85,0,0,0,0,[]
108,16,18,59,85,48,57,69,92,69,92,19,13,82,29,54,47,78,88,76,89,0,0,0,0,[]
109,16,16,60,85,51,48,67,89,67,89,22,12,80,40,55,46,76,88,73,87,0,0,0,0,[]
110,16,17,4,96,51,60,70,91,69,89,19,13,77,51,53,47,77,89,77,88,0,0,0,0,[]
111,16,18,17,95,57,69,69,92,69,92,20,14,74,56,53,46,75,88,77,88,0,0,0,0,[]
112,19,16,29,93,50,62,69,92,69,92,18,15,74,60,55,46,73,91,74,91,0,0,0,0,[]
113,18,19,41,91,41,54,68,91,68,91,20,15,67,69,55,45,79,88,79,87,0,0,0,0,[]
114,15,19,45,81,32,46,68,91,68,91,20,12,68,67,52,48,77,78,78,75,0,0,0,0,[]
115,10,21,45,70,33,43,70,90,70,90,25,16,69,67,50,51,72,70,73,67,0,0,0,0,[]
116,12,20,53,64,37,50,67,92,67,92,18,14,69,67,50,51,72,67,72,69,0,0,0,0,[]
117,16,18,57,55,46,50,71,92,71,92,19,14,69,67,57,48,77,74,76,69,0,0,0,0,['9:45 TES »÷É±ÁË·çÁú']
118,15,18,57,55,49,58,76,90,76,90,18,14,76,57,50,51,84,81,80,81,0,0,0,0,[]
119,14,20,57,54,47,56,75,88,75,88,15,13,81,55,58,46,82,83,81,84,0,0,0,0,[]
120,14,21,55,56,49,51,74,90,74,90,17,15,78,51,55,46,84,81,84,88,0,0,0,0,[]
121,16,17,60,58,49,49,71,91,73,89,18,14,71,40,56,45,80,85,81,91,0,0,0,0,[]
122,11,19,55,64,50,59,74,88,76,90,22,13,69,40,54,48,81,84,84,88,0,0,0,0,[]
123,11,17,67,64,50,59,80,89,82,90,16,13,58,34,58,42,85,81,87,85,0,0,0,0,[]
124,11,17,69,64,56,60,76,88,79,90,15,17,46,33,57,44,85,79,86,85,0,0,0,0,[]
125,15,16,64,63,55,57,75,89,75,88,20,13,35,39,52,45,86,75,87,76,0,0,0,0,[]
126,13,16,52,64,53,47,74,88,73,88,19,15,23,38,53,43,86,75,87,76,0,0,0,0,[]
127,14,14,47,65,48,55,76,87,74,87,19,13,19,33,53,49,86,5,91,5,0,0,0,0,[]
128,13,16,44,67,50,58,78,87,78,87,16,13,19,33,51,46,75,6,77,7,0,0,0,0,[]
129,13,16,36,64,50,58,78,86,79,85,16,13,19,33,48,46,63,7,61,8,0,0,0,0,[]
130,9,21,26,58,7,93,81,84,77,86,13,18,10,21,47,46,51,8,46,11,0,0,0,0,[]
131,10,23,19,48,14,85,77,87,77,86,13,19,16,21,48,49,40,11,33,17,0,0,0,0,['10:53 TESXx(¾ÆÍ°) »÷É±ÁË IGTheShy(ÀëÈºÖ®´Ì)']
132,10,23,15,42,21,75,77,87,6,94,18,15,25,29,48,49,31,18,24,27,0,0,0,0,[]
133,10,23,20,49,30,67,7,95,7,95,18,15,33,30,48,48,22,22,27,38,0,0,0,0,[]
134,10,23,24,57,38,56,10,94,10,94,13,20,31,28,39,41,27,31,28,33,0,0,0,0,[]
135,10,23,25,52,38,52,21,93,21,93,16,22,31,29,31,33,26,31,28,33,0,0,0,0,[]
136,10,23,32,44,33,43,32,92,32,92,19,25,31,29,32,33,26,29,27,32,0,0,0,0,[]
137,6,31,32,41,35,42,43,91,43,91,19,25,31,30,32,32,26,31,28,32,0,0,0,0,[]
138,11,24,37,38,42,44,55,90,55,90,93,9,25,29,26,29,18,23,23,27,0,0,0,0,[]
139,8,27,41,32,49,50,66,88,66,88,89,23,19,24,33,23,12,24,13,21,0,0,0,0,[]
140,10,38,43,32,49,41,77,86,70,84,90,37,15,20,47,26,11,19,13,20,0,0,0,0,[]
141,11,43,55,31,52,33,86,81,73,73,89,50,13,21,57,32,11,20,15,22,0,0,0,0,[]
142,6,46,51,33,52,34,86,77,68,62,87,55,22,29,60,43,7,26,24,29,0,0,0,0,[]
143,5,46,53,34,49,40,91,77,66,50,89,68,32,36,58,44,6,26,34,39,0,0,0,0,[]
144,5,46,56,33,54,44,82,78,66,45,90,73,44,37,62,41,5,27,44,37,0,0,0,0,[]
145,8,36,57,25,49,40,84,82,63,39,85,66,57,29,58,29,5,27,53,29,0,0,0,0,[]
146,9,33,52,26,51,31,85,83,56,32,79,74,57,29,55,26,11,26,54,26,0,0,0,1,"['12:6 TES »÷ÆÆÁË·ÀÓùËþ,»ñµÃÒ»Ëþ']"
147,8,41,50,32,51,30,78,89,53,31,82,82,57,32,51,24,21,22,56,21,0,0,0,1,[]
148,8,46,37,37,41,38,67,89,37,37,75,72,45,38,47,35,30,34,53,31,0,0,0,1,[]
149,9,46,34,36,45,38,70,91,32,44,71,69,42,37,43,38,32,43,48,35,0,0,0,1,['12:21 TESXx(¾ÆÍ°) »÷É±ÁË IGNing(µÂ°î×Ü¹Ü)']
150,9,45,34,36,45,38,73,90,39,52,79,80,43,47,44,49,37,49,42,42,0,0,0,1,"['12:26 TESKnight9(ÐÉºìÊÕ¸îÕß) »÷É±ÁË IGForge(µ¶·æÎèÕß)', '12:30 TESLokeN(¸´³ðÖ®Ã¬) »÷É±ÁË IGBaolan(Ä§·¨Ã¨ßä)']"
151,5,46,34,36,45,38,69,90,39,52,79,87,49,57,48,52,47,54,46,56,0,0,0,1,[]
152,5,46,34,36,45,38,60,91,39,52,76,87,56,67,42,57,41,55,56,68,0,0,0,1,[]
153,7,93,34,36,45,38,48,93,39,52,73,86,59,82,42,58,42,56,62,81,0,0,0,1,[]
154,16,84,6,95,45,38,49,93,6,95,70,91,57,82,42,57,42,56,63,87,0,0,0,1,[]
155,26,75,20,93,45,38,58,93,20,93,70,91,64,83,47,54,47,53,71,88,0,0,0,1,[]
156,36,66,32,89,12,90,67,92,32,89,72,88,69,79,47,56,50,53,70,79,0,0,0,1,[]
157,40,56,42,83,20,81,71,89,42,83,78,85,72,71,55,48,53,51,75,65,0,0,0,1,[]
158,40,58,51,73,29,71,73,88,52,75,77,87,73,65,56,48,53,51,75,63,0,0,0,1,[]
159,31,56,50,75,37,63,74,89,62,77,85,82,74,65,95,4,92,6,75,63,0,0,0,1,[]
160,21,47,47,65,47,55,79,87,72,78,88,82,74,65,92,6,85,13,93,6,0,0,0,1,[]
161,14,36,49,67,51,50,78,85,79,82,95,4,89,13,85,11,87,27,90,13,0,0,0,1,[]
162,7,27,46,67,51,49,87,79,87,76,80,6,82,23,79,22,89,42,81,26,0,0,0,1,[]
163,9,28,37,63,49,58,85,77,85,78,67,7,80,36,69,31,89,56,80,42,0,0,0,1,[]
164,9,27,30,53,61,62,84,79,81,78,54,9,80,50,59,39,89,70,76,56,0,0,0,1,[]
165,10,23,22,48,52,60,76,86,80,83,40,10,83,57,57,45,92,71,83,66,0,0,0,1,[]
166,10,25,22,46,44,55,70,89,70,89,27,11,84,63,58,47,86,75,85,77,0,0,0,1,[]
167,11,30,20,45,45,55,70,89,70,89,17,15,89,74,55,47,81,77,80,77,0,0,0,1,[]
168,14,34,15,43,48,52,6,95,6,95,13,12,90,81,53,48,83,79,88,81,0,0,0,1,[]
169,12,34,15,38,42,52,15,91,15,91,12,13,88,85,52,49,82,85,81,90,0,0,0,1,[]
170,11,21,10,27,32,45,17,79,17,79,13,16,87,85,55,51,82,87,76,88,0,0,0,1,[]
171,22,10,12,25,32,42,18,67,18,67,23,8,82,86,57,55,73,88,70,84,0,0,0,1,[]
172,21,13,16,34,38,51,18,54,18,54,28,10,76,75,54,48,69,90,69,82,0,0,0,1,[]
173,12,24,22,43,42,54,26,58,26,58,39,15,66,65,48,51,72,91,61,75,0,0,0,1,[]
174,9,37,26,56,43,54,36,63,36,63,47,22,53,65,50,53,73,91,54,66,0,0,0,1,[]
175,10,37,28,59,42,55,41,71,42,69,44,23,56,63,47,53,73,90,53,64,0,0,0,2,['14:35 TESLokeN(¸´³ðÖ®Ã¬) »÷ÆÆÁË·ÀÓùËþ']
176,10,25,36,60,42,55,44,80,40,66,45,23,68,66,54,57,79,87,57,69,0,0,0,2,[]
177,10,24,40,71,42,56,53,85,42,76,47,17,67,69,65,65,79,85,57,69,0,0,0,2,[]
178,10,22,47,78,45,58,52,86,48,77,45,16,67,69,66,66,75,75,65,65,0,0,0,2,[]
179,9,30,49,81,44,53,55,91,52,84,44,16,65,70,68,67,67,66,66,65,0,0,0,2,[]
180,10,42,47,79,44,55,58,89,59,85,37,15,69,65,70,67,60,59,65,64,0,0,0,2,['14:59 TES »÷É±ÁËÍÁÁú']
181,19,51,2,96,42,55,61,87,59,85,26,12,73,55,78,73,51,52,54,56,0,0,0,2,[]
182,31,53,11,91,43,55,66,89,61,83,21,11,76,53,79,85,49,43,49,43,0,0,0,2,[]
183,37,64,18,80,46,55,69,89,63,84,19,12,76,47,81,88,49,33,48,42,0,0,0,2,[]
184,30,60,27,70,42,60,63,89,62,84,19,24,70,41,81,81,51,33,95,4,0,0,0,2,[]
185,20,53,32,59,42,60,63,89,2,96,24,36,69,41,82,90,47,35,90,12,0,0,0,2,[]
186,10,44,33,48,11,94,3,96,6,89,31,38,66,52,80,89,50,46,79,24,0,0,0,2,[]
187,8,35,34,43,24,93,38,56,38,56,31,35,64,57,79,85,48,48,67,35,0,0,0,2,[]
188,9,37,34,42,36,92,45,53,45,53,21,26,66,58,80,87,54,44,56,47,0,0,0,2,[]
189,8,31,34,42,49,91,44,54,44,54,10,24,71,64,82,86,58,38,52,41,0,0,0,2,[]
190,7,39,34,42,63,91,45,53,45,53,10,27,71,64,82,86,58,38,52,42,0,0,0,2,[]
191,6,41,34,43,61,92,45,53,45,53,11,29,91,6,93,9,87,7,54,41,0,0,0,2,[]
192,9,37,34,43,66,90,43,53,43,53,9,29,79,13,92,25,78,18,55,40,0,0,0,2,[]
193,5,43,34,43,78,87,36,60,36,60,8,34,65,21,91,38,65,30,58,40,0,0,0,2,[]
194,7,44,11,92,79,88,39,59,39,59,15,40,55,30,90,51,57,40,53,42,0,0,0,2,[]
195,5,47,22,85,70,80,41,66,43,67,15,39,43,37,89,65,50,47,48,50,0,0,0,2,[]
196,5,46,28,74,72,76,38,64,47,67,15,48,41,35,91,73,50,48,49,53,0,0,0,2,[]
197,9,46,36,67,64,82,40,59,38,63,9,41,35,39,85,78,48,50,50,53,0,0,0,2,[]
198,8,47,47,63,60,85,41,56,41,56,9,41,31,46,88,83,48,48,48,50,0,0,0,2,[]
199,8,54,46,66,61,85,40,59,40,59,9,42,28,50,84,85,38,43,37,43,0,0,0,2,[]
200,8,58,57,63,67,84,39,61,39,61,8,45,21,48,82,84,35,42,31,54,0,0,0,2,[]
201,5,59,55,63,76,89,31,65,32,62,7,48,17,57,87,72,41,39,19,52,0,0,0,2,[]
202,6,56,45,58,72,89,26,68,26,66,7,50,19,53,83,62,49,47,18,53,0,0,0,2,[]
203,6,55,36,60,72,89,21,66,18,63,9,52,21,53,80,55,47,49,21,56,0,0,0,2,[]
204,8,53,32,60,73,87,33,62,17,67,16,51,22,53,76,56,44,51,23,53,0,0,0,2,[]
205,11,63,42,58,72,86,41,58,22,70,17,51,29,50,69,63,47,50,34,49,0,0,0,2,[]
206,9,57,47,54,84,83,40,59,22,70,7,44,22,54,79,74,46,46,32,47,0,0,0,2,[]
207,6,54,38,56,81,91,36,62,4,92,7,45,21,53,83,81,49,46,40,44,0,0,0,2,[]
208,6,54,27,60,77,91,38,60,8,86,8,51,13,49,81,85,47,41,28,50,0,0,0,2,[]
209,8,56,25,58,65,89,36,61,9,75,7,47,12,47,85,84,49,46,20,52,0,0,0,2,[]
210,5,53,31,53,58,84,44,55,16,68,10,46,18,46,75,89,48,48,21,48,0,0,0,2,[]
211,5,59,32,54,58,84,45,54,25,66,18,51,17,44,72,90,45,40,24,48,0,0,0,2,[]
212,5,59,31,58,55,84,39,58,34,60,31,51,21,44,75,89,33,44,31,49,0,0,0,2,[]
213,6,87,39,55,56,85,40,55,40,55,22,50,21,46,75,89,37,42,31,46,0,0,0,2,[]
214,7,73,34,59,53,91,39,59,40,51,9,51,12,49,93,7,37,41,23,53,0,0,0,2,[]
215,7,60,25,58,55,91,28,65,33,60,10,52,10,54,8,52,25,38,15,51,0,0,0,2,[]
216,9,50,29,60,60,91,20,64,20,64,9,51,8,50,8,51,19,47,15,51,0,0,0,2,[]
217,8,54,20,53,60,91,10,58,10,58,5,46,8,48,9,50,11,51,10,50,0,0,0,2,['18:3 TESLokeN(¸´³ðÖ®Ã¬) »÷É±ÁË IGTheShy(ÀëÈºÖ®´Ì)']
218,8,54,17,60,5,91,9,59,9,59,5,46,10,49,8,49,14,49,13,49,0,0,0,3,['18:8 TES »÷ÆÆÁË·ÀÓùËþ']
219,8,54,27,66,9,79,17,64,17,64,95,4,22,55,9,50,28,50,23,55,0,0,0,3,[]
220,8,54,40,67,8,66,29,64,29,64,94,5,27,60,7,50,38,50,26,61,0,0,0,3,[]
221,8,54,51,73,9,53,38,60,38,60,87,16,32,54,13,49,43,52,31,54,0,0,0,3,[]
222,8,54,50,74,9,54,40,60,40,60,76,26,31,58,26,52,46,50,37,49,0,0,0,3,[]
223,8,54,40,66,16,63,35,63,35,63,66,35,31,59,32,55,41,56,42,57,0,0,0,3,[]
224,8,54,38,65,29,66,34,65,34,65,59,45,32,52,38,56,45,55,42,59,0,0,0,4,['18:38 TESLokeN(¸´³ðÖ®Ã¬) »÷ÆÆÁË·ÀÓùËþ']
225,11,95,35,59,30,59,34,66,34,66,66,55,32,46,46,47,44,47,45,49,0,0,0,4,[]
226,24,94,30,55,26,59,34,66,34,66,71,64,35,42,45,36,44,52,42,46,0,0,0,4,[]
227,38,92,31,52,21,52,4,94,2,96,75,68,41,31,51,31,47,53,42,46,0,0,0,4,[]
228,51,91,35,49,7,49,9,93,7,88,76,76,43,17,52,33,57,45,93,5,0,0,0,4,[]
229,65,90,24,48,10,45,17,86,15,80,81,87,44,14,62,36,57,45,92,5,0,0,0,4,[]
230,55,91,22,48,14,34,25,76,23,73,78,78,49,16,72,41,95,4,92,5,0,0,0,4,[]
231,52,94,28,52,8,32,32,66,30,65,74,71,51,17,69,41,90,6,84,13,0,0,0,4,[]
232,52,92,36,63,7,33,40,59,36,65,66,65,95,4,60,39,79,15,73,24,0,0,0,4,[]
233,52,94,46,65,7,33,48,51,46,67,61,63,88,15,53,28,69,26,62,37,0,0,0,4,[]
234,53,91,45,62,6,94,48,51,53,65,73,71,78,24,46,16,60,37,59,46,0,0,0,4,[]
235,51,83,51,64,17,86,45,56,52,61,79,83,69,34,34,12,56,45,55,46,0,0,0,4,[]
236,58,76,47,65,25,76,41,58,41,56,75,89,66,47,21,13,57,39,58,46,0,0,0,4,[]
237,66,91,3,96,35,64,39,60,38,64,78,86,65,56,25,16,52,26,55,49,0,0,0,4,[]
238,58,92,10,92,39,66,40,60,39,65,73,72,67,67,36,24,57,34,66,56,0,0,0,4,[]
239,58,90,18,82,32,60,46,52,46,52,62,63,65,65,44,36,53,44,59,63,0,0,0,4,[]
240,53,86,25,72,25,57,40,57,40,57,55,66,61,62,44,48,47,53,51,56,0,0,0,4,[]
241,43,78,36,67,21,53,35,65,35,65,60,74,66,68,53,55,58,60,60,63,0,0,0,4,[]
242,43,68,40,65,10,45,36,63,36,63,71,83,66,69,64,63,68,68,67,66,0,0,0,4,[]
243,43,68,31,57,7,39,35,63,31,57,81,84,67,63,62,61,63,63,64,64,0,0,0,4,['20:13 TES »÷É±ÁË»ðÁú']
244,2,96,21,50,9,40,37,60,21,50,74,73,74,52,51,53,53,54,54,55,0,0,0,4,[]
245,21,95,15,44,9,40,35,62,23,41,62,62,77,51,45,56,48,54,47,50,0,0,0,4,[]
246,37,94,19,48,5,94,38,60,24,39,51,53,68,49,45,46,46,46,43,46,0,0,0,4,[]
247,50,92,31,49,14,80,33,62,20,49,41,44,52,47,34,38,35,38,32,38,0,0,0,4,[]
248,48,82,33,46,24,70,33,62,33,46,32,36,40,41,24,33,34,36,27,35,0,0,0,4,[]
249,45,72,32,50,32,60,4,96,32,50,35,40,35,39,17,22,42,38,33,38,0,0,0,4,[]
250,39,61,32,50,31,51,13,81,32,50,46,46,41,44,15,19,50,47,38,41,0,0,0,4,[]
251,36,60,32,52,31,53,24,72,32,52,43,54,36,42,11,30,45,50,44,51,0,0,0,4,[]
252,36,59,32,52,24,56,34,64,32,52,35,48,34,37,10,32,40,51,33,44,0,0,0,4,[]
253,36,59,30,53,20,51,31,58,30,54,32,43,32,33,19,34,38,42,31,44,0,0,0,4,[]
254,39,55,29,53,8,45,31,55,31,56,27,35,33,31,17,35,34,31,32,35,0,0,0,4,[]
255,35,47,31,46,21,50,33,49,32,46,32,31,34,30,20,34,32,31,32,34,0,0,0,4,[]
256,29,39,38,37,32,47,32,42,29,39,32,31,34,31,20,35,29,32,34,33,0,0,0,4,[]
257,28,38,39,44,32,44,42,46,32,44,32,42,31,36,34,42,30,39,31,42,0,0,0,4,['21:22 TES369(»ÄÄ®ÍÀ·ò) »÷É±ÁË IGTheShy(ÀëÈºÖ®´Ì)']
258,28,38,42,45,30,39,44,48,38,48,38,44,39,40,44,46,34,39,35,48,0,0,0,4,['21:27 TESLokeN(¸´³ðÖ®Ã¬) »÷É±ÁË IGForge(µ¶·æÎèÕß)']
259,28,38,52,55,30,39,41,60,40,52,46,50,47,51,45,50,40,53,39,53,0,0,0,4,['21:34 TESLokeN(¸´³ðÖ®Ã¬) »÷É±ÁË IGBaolan(Ä§·¨Ã¨ßä)']
260,28,38,55,65,30,39,39,64,40,52,42,56,38,43,37,50,31,58,39,53,0,0,0,4,['21:37 TESLokeN(¸´³ðÖ®Ã¬) »÷É±ÁË IGJackeyLove(Õ½ÕùÅ®Éñ)']
261,28,38,54,76,30,39,39,64,40,52,34,64,33,37,31,39,31,51,32,41,0,0,0,4,[]
262,28,38,56,82,30,39,39,64,40,52,31,67,33,31,30,31,32,39,33,33,0,0,0,4,[]
263,28,38,57,84,30,39,39,64,40,52,33,65,35,30,31,32,32,31,31,32,0,0,0,4,[]
264,28,38,58,84,30,39,39,64,40,52,33,66,34,31,31,31,29,33,32,32,0,0,0,4,[]
265,11,91,53,84,30,39,39,64,40,52,37,59,34,31,29,34,29,32,35,31,0,0,0,5,"['22:1 TES369(»ÄÄ®ÍÀ·ò) »÷ÆÆÁË·ÀÓùËþ', '22:3 TES »÷É±ÁË´óÁú']"
266,23,79,47,73,2,96,39,64,12,90,94,6,39,26,42,36,92,4,95,4,0,0,0,5,[]
267,27,73,47,65,5,78,5,96,22,80,93,7,48,19,52,36,80,15,88,15,0,0,0,5,[]
268,32,74,44,68,6,64,23,95,29,73,92,10,41,16,53,34,70,27,73,27,0,0,0,5,[]
269,35,65,42,69,9,56,36,94,40,76,84,22,43,16,93,5,67,39,62,39,0,0,0,5,[]
270,41,60,42,69,18,48,49,93,47,78,80,34,42,15,80,18,62,41,57,45,0,0,0,5,[]
271,45,54,12,89,22,44,62,92,40,74,68,41,89,14,69,28,50,48,51,50,0,0,0,5,[]
272,37,62,23,78,23,56,70,90,40,66,57,47,77,26,60,39,46,51,50,52,0,0,0,5,[]
273,33,65,33,74,23,55,63,93,36,76,48,55,67,35,51,48,41,57,47,56,0,0,0,5,[]
274,29,70,38,76,19,61,50,92,31,72,54,65,58,44,40,57,37,60,40,65,0,0,0,5,[]
275,30,79,38,76,21,72,37,89,30,79,67,68,56,57,41,66,39,63,43,67,0,0,0,5,[]
276,25,77,36,77,25,76,30,79,25,77,78,75,61,62,35,65,42,68,46,74,0,0,0,5,[]
277,32,80,36,76,30,79,27,71,27,71,87,78,57,73,34,61,40,62,52,76,0,0,0,5,[]
278,33,78,37,76,36,76,27,70,27,70,83,84,46,79,35,61,39,65,45,79,0,0,0,5,[]
279,28,77,34,80,30,80,24,72,24,72,72,88,42,78,32,67,40,71,41,77,0,0,0,5,[]
280,28,81,30,81,29,79,12,68,12,68,59,90,41,77,36,62,40,73,40,75,0,0,0,5,[]
281,22,75,28,79,29,81,9,54,9,54,52,91,48,81,38,60,47,76,42,78,0,0,0,5,[]
282,25,75,19,87,27,81,6,61,6,61,46,91,48,89,36,63,49,90,39,76,0,0,0,5,[]
283,24,80,8,93,26,81,6,61,6,61,40,89,40,88,35,67,38,92,38,88,0,0,0,6,['23:34 TESLokeN(¸´³ðÖ®Ã¬) »÷ÆÆÁË·ÀÓùËþ']
284,23,74,16,94,25,87,6,96,6,96,32,89,33,89,28,73,32,92,34,87,0,0,0,6,[]
285,23,75,23,93,25,88,21,92,21,92,27,90,29,90,28,71,31,93,31,89,0,0,0,7,['23:45 TESXx(¾ÆÍ°) »÷ÆÆÁË·ÀÓùËþ']
286,26,89,23,87,22,88,19,91,22,88,23,86,25,84,24,79,27,93,28,88,0,0,0,7,"['23:48 TESBen(¹â»ÔÅ®ÀÉ) »÷É±ÁË IGForge(µ¶·æÎèÕß)', '23:48 TESXx(¾ÆÍ°) »÷É±ÁË IGBaolan(Ä§·¨Ã¨ßä)']"
287,27,90,22,87,22,88,16,91,22,88,25,92,18,92,25,90,28,92,27,93,0,0,0,7,"['23:51 TES369(»ÄÄ®ÍÀ·ò) »÷É±ÁË IGNing(µÂ°î×Ü¹Ü)', '23:54 TESXx(¾ÆÍ°) »÷É±ÁË IGJackeyLove(Õ½ÕùÅ®Éñ)', '23:55 TESKnight9(ÐÉºìÊÕ¸îÕß) »÷É±ÁË IGTheShy(ÀëÈºÖ®´Ì)']"
288,27,90,22,87,22,88,16,91,22,88,21,88,20,87,19,92,20,86,19,92,0,0,0,7,[]
289,27,90,22,87,22,88,16,91,22,88,13,85,11,85,12,88,10,85,13,88,0,0,0,8,['24:4 TESKnight9(ÐÉºìÊÕ¸îÕß) »÷ÆÆÁË·ÀÓùËþ']
290,27,90,22,87,22,88,16,91,22,88,8,87,10,85,13,91,10,93,12,90,0,0,0,9,['24:7 TESXx(¾ÆÍ°) »÷ÆÆÁË·ÀÓùËþ']
291,27,90,22,87,22,88,16,91,22,88,12,87,8,87,13,88,5,88,9,92,0,0,0,9,[]
292,27,90,22,87,22,88,16,91,22,88,12,87,8,87,13,88,6,89,9,92,0,0,0,9,[]
293,27,90,22,87,22,88,16,91,22,88,12,87,8,87,13,88,6,89,9,92,0,0,0,9,['24:25 TES »ñÊ¤']
