,V5Windy, ,V5Ben4, ,V5Mole, ,V5y4, ,V5Max, ,LNGFlandre, ,LNGSofM, ,LNGPlex, ,LNGAsura, ,LNGMaestro, ,blue_economics,blue_towers,red_economics,red_towers,captions
0,4,95,4,98,2,99,0,97,2,95,94,5,96,5,95,2,97,3,93,3,0,0,0,0,[]
1,4,95,4,97,2,99,1,96,2,95,93,5,95,5,94,2,97,3,94,4,0,0,0,0,[]
2,3,94,3,94,3,97,3,97,4,96,92,4,94,4,92,4,93,5,94,6,0,0,0,0,[]
3,3,94,3,94,4,95,5,97,5,95,92,4,92,4,92,4,93,6,94,6,0,0,0,0,[]
4,18,77,17,77,23,82,27,90,25,86,70,6,72,17,79,21,82,24,79,23,0,0,0,0,[]
5,32,59,32,60,32,61,49,89,41,70,48,11,54,31,63,37,80,47,67,41,0,0,0,0,[]
6,34,41,33,42,33,42,65,82,48,66,30,19,39,39,53,45,72,64,65,57,0,0,0,0,[]
7,32,38,35,37,34,41,54,84,44,67,29,22,46,37,54,44,70,62,64,57,0,0,0,0,[]
8,34,39,34,39,36,38,46,80,44,67,29,22,48,34,54,46,62,62,63,61,0,0,0,0,[]
9,29,37,35,39,32,44,48,78,10,94,29,22,47,39,51,54,57,64,57,66,0,0,0,0,[]
10,33,42,34,39,35,48,47,78,20,90,29,22,46,37,49,52,60,62,57,63,0,0,0,0,[]
11,35,39,37,38,33,48,47,78,29,83,30,20,48,38,51,47,67,61,65,57,0,0,0,0,[]
12,28,38,31,48,40,51,4,96,37,76,29,21,47,38,51,47,77,62,65,57,0,0,0,0,[]
13,31,45,31,59,40,52,15,95,47,79,35,24,41,39,47,45,81,69,64,53,0,0,0,0,[]
14,34,42,40,66,37,49,26,94,49,78,39,33,43,38,41,39,84,64,59,50,0,0,0,0,[]
15,30,39,47,73,40,52,36,89,52,75,38,27,53,44,46,40,83,66,61,50,0,0,0,0,[]
16,20,37,54,76,45,54,44,82,51,75,30,21,62,50,53,46,84,65,72,50,0,0,0,0,[]
17,11,32,51,77,49,49,53,77,52,75,35,17,76,49,55,48,87,67,81,56,0,0,0,0,[]
18,8,22,50,75,46,50,54,76,51,75,31,11,76,52,52,51,87,68,86,65,0,0,0,0,[]
19,11,13,50,76,47,52,55,76,52,76,21,12,75,53,50,48,85,77,86,75,0,0,0,0,[]
20,11,13,50,75,45,51,66,79,62,78,18,14,77,53,52,46,83,80,83,82,0,0,0,0,[]
21,12,15,56,82,47,49,74,86,71,83,18,14,78,52,52,48,84,81,88,82,0,0,0,0,[]
22,12,17,54,83,44,51,80,88,78,87,17,14,78,54,50,49,83,81,84,81,0,0,0,0,[]
23,13,20,52,85,42,53,80,87,80,86,18,14,81,55,47,41,86,83,83,80,0,0,0,0,[]
24,14,18,54,84,47,53,80,86,82,90,16,17,80,55,50,47,85,82,86,81,0,0,0,0,[]
25,16,16,52,84,46,50,81,85,87,85,18,16,77,48,52,46,85,78,86,78,0,0,0,0,[]
26,12,20,42,78,44,52,82,85,87,84,17,15,74,43,50,46,85,80,86,79,0,0,0,0,[]
27,10,20,32,70,45,50,82,83,88,84,15,20,74,43,52,47,87,75,89,75,0,0,0,0,[]
28,10,23,32,59,44,51,82,82,87,84,15,18,65,38,49,48,87,75,88,75,0,0,0,0,[]
29,8,25,25,47,44,54,82,83,88,83,14,21,55,32,49,50,88,73,89,74,0,0,0,0,[]
30,5,29,23,45,44,54,83,79,88,82,14,22,53,36,50,49,87,74,89,73,0,0,0,0,[]
31,7,28,21,48,44,52,83,83,88,83,9,24,52,34,51,48,89,78,86,77,0,0,0,0,[]
32,7,26,21,48,47,51,82,83,89,82,8,23,51,28,52,49,86,75,88,75,0,0,0,0,[]
33,7,26,22,44,44,52,84,81,89,81,9,19,49,25,50,47,87,72,89,73,0,0,0,0,[]
34,7,23,27,35,45,49,86,79,88,82,11,22,49,24,50,46,88,70,89,71,0,0,0,0,[]
35,6,27,29,21,45,44,86,80,87,80,9,23,48,19,55,45,89,69,90,72,0,0,0,0,[]
36,11,24,27,20,48,48,88,79,86,77,11,20,42,17,55,46,90,70,92,73,0,0,0,0,[]
37,15,18,24,14,48,49,89,78,82,78,16,16,40,17,57,48,91,72,90,72,0,0,0,0,[]
38,23,11,25,12,47,50,88,78,81,77,25,10,29,15,53,44,91,72,88,72,0,0,0,0,[]
39,24,14,36,16,46,48,90,76,85,78,25,7,22,12,51,43,91,73,89,70,0,0,0,0,[]
40,25,15,27,16,41,40,91,76,88,75,25,7,25,15,48,42,93,69,89,69,0,0,0,0,[]
41,25,15,26,16,23,13,89,75,87,74,92,5,27,18,42,39,93,71,90,68,0,0,0,0,[]
42,2,96,26,16,16,17,90,74,88,75,25,14,24,25,44,47,91,69,90,69,0,0,0,0,[]
43,7,95,12,93,11,28,88,77,88,79,24,13,30,35,45,51,91,72,88,71,0,0,0,0,[]
44,43,55,21,86,11,28,83,81,86,81,25,13,34,41,45,52,88,74,90,73,0,0,0,0,[]
45,43,54,33,79,5,94,83,80,89,80,25,12,39,43,48,50,87,72,92,73,0,0,0,0,[]
46,45,54,41,70,15,88,87,81,84,80,25,12,33,44,48,49,88,73,91,72,0,0,0,0,[]
47,40,51,52,66,24,78,83,78,81,77,24,12,34,43,48,51,90,71,90,72,0,0,0,0,[]
48,34,49,62,62,32,69,79,73,75,69,25,13,39,38,46,48,90,68,91,71,0,0,0,0,[]
49,22,46,64,63,41,61,85,81,80,76,23,11,41,35,49,51,90,71,88,72,0,0,0,0,[]
50,15,38,71,66,43,54,90,82,84,81,23,11,40,44,49,52,89,75,83,66,0,0,0,0,[]
51,11,28,64,62,45,52,87,82,85,78,23,12,40,44,50,50,86,78,76,61,0,0,0,0,[]
52,16,20,60,59,52,54,84,80,80,76,22,10,35,39,57,42,88,69,80,66,0,0,0,0,[]
53,18,15,49,65,52,56,80,76,77,71,23,13,35,39,58,41,90,69,89,69,0,0,0,0,[]
54,15,17,38,64,42,55,80,76,70,65,22,13,92,9,95,4,87,71,90,70,0,0,0,0,[]
55,17,21,28,59,41,53,79,83,68,65,21,13,86,19,95,4,90,71,91,71,0,0,0,0,[]
56,18,24,21,51,44,53,80,84,61,63,19,15,82,30,58,44,91,70,87,67,0,0,0,0,[]
57,15,16,21,41,46,55,89,78,71,68,20,15,81,42,52,49,91,70,87,70,0,0,0,0,[]
58,13,15,15,44,44,57,89,81,80,76,20,14,80,52,50,51,95,4,83,66,0,0,0,0,[]
59,12,16,17,45,44,50,87,81,84,80,19,15,82,56,50,52,91,69,86,66,0,0,0,0,[]
60,9,22,17,46,43,51,85,82,82,80,19,18,79,51,49,52,88,75,87,74,0,0,0,0,[]
61,9,24,25,56,44,52,84,82,82,80,19,20,73,43,50,52,89,77,88,75,0,0,0,0,[]
62,9,23,27,60,45,51,83,80,86,82,15,17,69,40,52,51,91,76,88,75,0,0,0,0,[]
63,10,22,31,60,46,54,86,83,88,83,16,17,59,35,52,49,89,75,87,74,0,0,0,0,[]
64,12,20,39,65,53,61,83,80,84,82,16,16,52,35,51,47,90,75,89,73,0,0,0,0,[]
65,10,23,47,65,50,59,76,78,87,84,13,20,51,35,49,43,91,74,88,73,0,0,0,0,[]
66,10,24,48,65,51,53,72,78,88,78,14,19,42,37,46,48,92,73,88,73,0,0,0,0,[]
67,7,26,58,69,48,53,72,78,84,87,8,22,34,41,50,46,90,74,87,75,0,0,0,0,[]
68,10,27,56,82,50,52,2,96,84,88,10,20,23,37,50,46,89,77,87,75,0,0,0,0,[]
69,11,26,52,84,50,53,10,96,4,96,7,22,19,36,49,49,88,77,86,77,0,0,0,0,[]
70,10,25,58,85,49,50,70,91,16,95,11,24,19,36,51,45,88,77,86,77,0,0,0,0,[]
71,6,29,58,85,48,48,79,85,27,93,11,26,14,33,53,44,88,77,86,77,0,0,0,0,[]
72,5,29,61,83,47,49,81,83,37,92,9,29,9,29,53,46,89,80,84,78,0,0,0,0,[]
73,9,27,64,82,49,51,81,82,48,90,10,27,15,21,51,45,88,78,85,77,0,0,0,0,[]
74,5,30,64,77,49,49,83,84,57,85,10,23,10,24,54,46,91,79,86,76,0,0,0,0,[]
75,7,31,64,71,54,56,86,84,65,88,10,24,11,25,56,45,89,77,87,76,0,0,0,0,[]
76,5,30,64,71,64,61,84,78,76,87,9,27,8,32,55,45,90,74,89,72,0,0,0,0,[]
77,5,30,64,70,62,57,76,72,76,77,8,31,6,32,53,46,92,71,91,67,0,0,0,0,[]
78,14,34,65,70,52,53,69,68,70,68,17,33,6,32,46,47,92,72,90,70,0,0,0,0,[]
79,21,29,67,70,46,46,69,68,66,68,25,25,6,32,42,41,88,68,89,67,0,0,0,0,[]
80,15,21,68,61,47,51,76,76,74,71,29,19,93,8,49,44,86,76,87,74,0,0,0,0,[]
81,12,19,68,64,46,51,81,84,79,76,29,19,87,20,51,46,87,78,90,80,0,0,0,0,[]
82,12,19,61,62,40,57,85,83,83,80,91,5,82,31,48,51,89,76,88,73,0,0,0,0,[]
83,3,94,57,68,38,60,85,81,89,82,86,5,80,43,45,53,88,76,88,74,0,0,0,0,[]
84,5,81,52,75,2,96,84,82,88,82,75,6,72,49,47,53,88,74,87,68,0,0,0,0,[]
85,6,70,51,75,7,94,86,81,84,80,64,7,64,59,47,52,90,75,87,73,0,0,0,0,[]
86,7,59,52,76,16,86,85,83,86,82,53,8,61,60,47,54,88,76,87,74,0,0,0,0,[]
87,8,46,55,76,24,77,87,80,88,81,44,13,69,50,52,50,89,74,89,73,0,0,0,0,[]
88,10,34,55,76,32,67,80,75,85,77,35,16,79,52,52,50,90,69,89,70,0,0,0,0,[]
89,12,24,9,94,39,59,82,78,83,81,24,14,77,52,92,5,89,70,90,72,0,0,0,0,[]
90,12,17,14,83,44,53,82,78,89,81,18,12,78,52,85,10,90,70,88,66,0,0,0,0,[]
91,14,14,15,71,44,52,87,75,89,81,19,11,83,56,78,19,89,66,88,65,0,0,0,0,[]
92,15,18,18,59,44,50,87,78,85,77,20,12,81,55,69,29,80,65,95,4,0,0,0,0,[]
93,17,13,23,48,41,43,88,79,81,76,22,11,75,45,61,38,89,69,87,14,0,0,0,0,[]
94,18,16,24,45,31,44,91,74,80,76,22,10,74,43,57,43,91,69,77,20,0,0,0,0,[]
95,18,17,26,46,29,44,92,74,89,81,23,11,66,39,54,45,90,69,68,31,0,0,0,0,[]
96,9,17,25,37,33,48,92,74,89,81,18,11,55,32,50,46,91,68,66,45,0,0,0,0,[]
97,15,10,36,40,44,51,87,77,89,81,18,9,51,35,50,47,93,66,63,53,0,0,0,0,[]
98,18,11,44,44,48,50,86,79,89,81,25,11,45,37,51,44,89,69,62,50,0,0,0,0,[]
99,22,11,44,51,43,52,90,74,85,79,26,9,43,46,45,49,90,70,51,48,0,0,0,0,[]
100,20,12,40,57,39,55,91,73,77,73,27,10,42,53,43,52,91,69,43,53,0,0,0,0,[]
101,22,22,40,57,42,58,91,74,71,68,26,9,42,41,46,51,91,69,51,49,0,0,0,0,[]
102,28,31,40,57,43,52,86,77,62,59,26,12,34,36,49,50,92,66,59,50,0,0,0,0,[]
103,34,37,40,57,43,48,88,76,54,56,20,15,41,33,51,43,88,64,56,43,0,0,0,0,[]
104,34,38,8,86,45,53,85,80,61,61,16,17,45,23,49,48,86,65,64,51,0,0,0,0,[]
105,24,34,14,75,44,52,85,80,69,67,16,17,47,24,50,48,88,68,78,51,0,0,0,0,[]
106,18,24,18,61,43,45,90,74,77,74,12,16,46,16,57,41,93,69,86,65,0,0,0,0,[]
107,11,23,23,55,47,51,91,75,86,77,15,16,43,15,54,47,90,69,88,69,0,0,0,0,[]
108,10,24,23,55,47,49,90,78,88,76,19,24,45,15,54,50,91,69,89,70,0,0,0,0,[]
109,11,24,20,49,44,51,89,76,87,77,18,21,44,15,48,48,91,69,88,69,0,0,0,0,[]
110,11,20,15,44,46,52,89,77,87,77,15,17,94,4,52,48,90,68,85,66,0,0,0,0,[]
111,14,21,17,45,48,49,90,75,85,77,17,15,89,15,56,44,92,68,86,66,0,0,0,0,[]
112,13,21,24,39,50,54,88,78,77,73,16,15,80,23,58,47,92,68,90,70,0,0,0,0,[]
113,12,19,34,40,55,57,88,82,68,67,16,15,80,36,49,43,90,69,88,66,0,0,0,0,[]
114,14,18,44,43,48,51,89,82,58,63,18,15,80,48,55,46,93,65,86,66,0,0,0,0,[]
115,11,19,46,50,48,48,87,79,57,55,17,14,76,59,56,47,93,65,95,4,0,0,0,0,[]
116,14,15,52,60,50,53,82,82,55,59,19,13,73,63,58,47,94,6,87,16,0,0,0,0,[]
117,14,15,62,60,56,57,80,84,63,61,20,12,83,66,58,42,95,11,80,27,0,0,0,0,[]
118,20,13,61,58,57,55,80,84,62,57,22,10,92,71,57,43,94,24,80,42,0,0,0,0,[]
119,27,10,63,51,54,53,6,95,57,55,28,9,89,78,58,42,93,34,76,53,0,0,0,0,[]
120,21,10,63,53,49,50,11,95,57,54,27,8,80,76,57,45,92,44,75,59,0,0,0,0,[]
121,23,11,64,57,48,51,21,90,61,57,29,8,78,72,53,44,90,54,75,62,0,0,0,0,[]
122,19,11,62,57,50,51,29,85,65,57,28,10,73,63,57,44,86,63,72,63,0,0,0,0,[]
123,20,14,54,58,53,55,36,77,56,57,24,9,65,57,59,49,77,63,61,62,0,0,0,0,[]
124,23,12,61,57,60,58,44,69,66,60,26,7,69,61,59,45,73,63,69,64,0,0,0,0,[]
125,27,10,67,58,62,60,56,64,66,60,30,6,66,59,66,54,70,62,65,60,0,0,0,0,[]
126,25,10,67,61,62,60,65,59,60,60,29,6,71,62,66,54,68,56,65,57,0,0,0,0,[]
127,22,10,67,54,62,51,63,52,56,54,28,8,71,62,60,50,68,52,59,45,0,0,0,0,[]
128,20,10,65,57,56,50,55,49,54,48,27,10,71,62,57,47,68,52,66,41,0,0,0,0,[]
129,17,10,55,63,55,45,56,46,51,52,29,8,71,62,57,47,68,52,70,34,0,0,0,0,[]
130,21,9,46,65,54,45,58,57,49,54,27,10,94,6,57,47,68,52,71,34,0,0,0,0,[]
131,17,10,47,66,53,47,67,65,49,54,30,11,89,17,57,47,95,4,95,4,0,0,0,0,[]
132,17,9,47,68,51,50,77,75,7,94,31,11,83,28,57,47,90,70,93,7,0,0,0,0,[]
133,19,12,2,96,49,50,83,82,13,87,95,4,80,40,57,47,87,74,87,19,0,0,0,0,[]
134,18,14,5,91,47,51,81,84,22,79,95,4,80,51,61,41,87,76,81,32,0,0,0,0,[]
135,9,22,10,83,2,96,74,87,28,69,17,15,82,56,57,48,90,71,80,47,0,0,0,0,[]
136,6,32,15,72,8,93,74,87,33,59,15,19,78,51,50,48,91,71,76,60,0,0,0,0,[]
137,6,32,18,60,16,84,4,94,39,56,11,24,68,50,55,55,88,73,74,61,0,0,0,0,[]
138,4,96,23,51,26,75,5,88,44,53,17,22,63,60,53,51,87,73,73,63,0,0,0,0,[]
139,16,95,31,44,35,67,5,75,43,52,13,18,59,63,50,54,83,80,65,69,0,0,0,0,[]
140,28,94,39,37,41,56,6,62,43,52,12,18,55,58,51,55,83,81,59,58,0,0,0,0,[]
141,40,92,38,28,42,53,7,49,35,48,16,16,51,47,50,45,82,81,53,49,0,0,0,0,[]
142,53,92,32,34,36,48,8,36,33,42,15,21,52,44,51,45,81,82,52,42,0,0,0,0,[]
143,65,91,32,31,41,53,9,28,28,33,15,19,62,52,52,49,77,85,62,52,0,0,0,0,[]
144,68,92,32,30,43,53,11,30,29,32,25,13,67,61,51,53,75,89,60,62,0,0,0,0,[]
145,70,92,32,31,45,52,13,19,28,32,36,13,66,69,52,49,77,88,48,68,0,0,0,0,[]
146,66,91,32,32,43,53,13,17,28,32,38,15,66,70,52,52,81,89,53,77,0,0,0,0,[]
147,63,93,30,31,35,48,22,11,28,32,39,15,65,70,61,61,76,89,67,79,0,0,0,0,[]
148,58,93,28,31,30,38,24,7,25,28,29,9,68,67,59,59,73,92,71,91,0,0,0,0,[]
149,67,92,27,21,34,38,22,10,30,18,30,9,57,65,54,57,75,92,76,87,0,0,0,0,[]
150,62,92,29,19,42,46,24,12,36,15,42,6,54,76,51,50,76,87,77,79,0,0,0,0,[]
151,63,94,42,18,43,52,23,13,41,15,46,12,53,76,61,50,81,84,77,79,0,0,0,0,[]
152,73,89,39,17,41,44,26,10,33,16,47,7,59,83,65,58,83,87,86,6,0,0,0,0,[]
153,62,89,49,18,41,35,31,9,40,15,46,6,60,83,70,68,78,89,72,10,0,0,0,0,[]
154,59,92,53,27,45,43,38,10,51,19,47,7,63,84,59,60,73,92,59,13,0,1,0,0,[]
155,70,92,54,18,52,44,42,11,55,17,49,5,69,82,55,51,74,93,55,11,0,1,0,0,[]
156,66,93,58,11,47,35,48,8,60,10,53,6,69,80,52,44,79,86,54,7,0,1,0,0,[]
157,58,7,51,7,51,25,49,6,55,7,52,8,69,80,59,36,80,83,51,10,0,1,0,0,[]
158,63,9,53,7,55,17,51,5,52,7,64,10,83,5,60,25,82,82,53,6,0,1,0,0,[]
159,54,9,56,6,59,10,50,8,52,7,64,10,70,7,62,13,81,84,52,9,0,1,0,0,[]
160,55,10,48,11,54,6,53,7,52,7,64,10,62,10,61,6,74,87,52,9,0,2,0,0,[]
161,47,12,48,15,44,6,46,11,52,7,64,10,62,20,56,9,72,89,52,9,0,2,0,0,[]
162,38,15,43,24,41,6,39,15,52,7,64,10,56,31,56,10,73,89,52,9,0,2,0,0,[]
163,38,15,41,34,29,8,70,91,11,95,64,10,53,33,53,8,78,86,89,14,0,2,0,0,[]
164,3,95,32,38,29,8,75,89,22,93,64,10,56,30,47,9,84,86,77,23,0,2,0,0,[]
165,4,90,24,36,2,95,77,90,33,90,92,4,53,21,44,11,83,84,66,32,0,2,0,0,[]
166,11,81,23,45,6,92,71,91,42,84,78,6,48,25,47,16,87,76,56,39,0,2,0,0,[]
167,17,71,23,47,15,84,71,91,51,76,64,7,50,26,47,16,89,72,48,41,0,2,0,0,[]
168,18,59,19,46,24,77,5,97,44,69,51,7,58,33,85,9,87,66,53,50,0,2,0,0,[]
169,23,56,15,44,34,69,11,96,54,67,43,8,69,40,76,20,87,66,55,48,0,2,0,0,[]
170,20,50,15,44,40,59,25,95,54,68,33,10,74,44,68,30,94,7,59,48,0,2,0,0,[]
171,23,38,16,45,45,53,38,94,47,73,24,12,79,51,66,41,92,13,59,45,0,2,0,0,[]
172,20,27,3,96,41,51,52,93,55,77,27,9,77,53,74,49,89,26,64,53,0,2,0,0,[]
173,16,21,8,94,33,44,65,91,53,84,37,14,77,52,73,49,89,38,66,48,0,2,0,0,[]
174,16,22,21,86,42,46,78,87,64,82,48,19,82,55,62,51,89,50,66,48,0,2,0,0,[]
175,18,23,31,80,46,50,80,83,71,78,51,27,82,56,54,46,88,62,93,8,0,2,0,0,[]
176,20,20,40,71,42,51,82,85,70,80,55,32,76,53,55,48,87,74,86,22,0,2,0,0,[]
177,15,16,47,65,37,49,85,84,73,85,42,32,75,66,54,46,88,75,81,36,0,2,0,0,[]
178,16,18,51,66,44,58,76,86,75,87,47,22,78,73,51,48,88,72,78,52,0,2,0,0,[]
179,18,24,60,72,44,54,77,88,75,87,45,9,78,73,54,50,88,72,76,66,0,2,0,0,[]
180,25,23,69,81,46,52,88,85,86,87,44,8,79,74,53,48,87,76,79,75,0,2,0,0,[]
181,28,12,77,88,45,54,88,82,85,81,43,7,79,75,57,48,85,80,79,75,0,2,0,0,[]
182,36,8,79,76,43,55,83,79,81,78,46,8,86,75,66,57,79,77,79,75,0,2,0,0,[]
183,43,11,83,79,79,77,84,80,79,76,54,8,83,66,60,56,79,77,82,78,0,2,0,0,[]
184,42,19,86,76,75,66,88,76,74,67,46,11,74,59,54,47,79,77,79,81,0,2,0,0,[]
185,40,26,91,70,73,63,90,68,79,62,44,11,74,49,51,45,79,77,79,81,0,2,0,0,[]
186,46,37,84,65,63,58,89,66,77,62,45,12,63,53,53,51,79,77,79,81,0,3,0,0,[]
187,53,48,78,54,55,51,88,54,67,60,41,16,59,45,55,45,79,77,79,81,0,3,0,0,[]
188,47,49,80,51,47,52,91,48,66,54,37,17,60,45,57,40,95,10,94,5,0,3,0,0,[]
189,41,53,79,61,47,54,91,58,62,60,28,15,67,46,67,43,93,22,90,20,0,3,0,0,[]
190,32,44,79,61,45,55,90,65,56,67,21,9,67,48,63,41,92,33,80,32,0,3,0,0,[]
191,24,37,7,94,48,50,90,65,56,67,24,11,67,48,57,50,92,47,87,39,0,3,0,0,[]
192,13,35,24,89,45,51,11,92,4,95,27,10,92,5,53,50,88,49,91,49,0,3,0,0,[]
193,12,22,37,89,39,50,20,83,15,89,27,10,86,17,53,48,88,59,83,51,0,3,0,0,[]
194,12,19,49,88,32,42,29,72,22,80,89,4,76,26,52,45,89,68,87,58,0,3,0,0,[]
195,12,19,55,83,32,37,37,62,31,72,75,5,67,35,52,45,88,71,78,65,0,3,0,0,[]
196,4,96,57,83,27,35,40,58,39,64,58,6,53,34,83,12,86,65,76,59,0,3,0,0,[]
197,16,95,55,83,27,34,46,51,46,53,44,7,56,33,72,23,80,55,78,52,0,3,0,0,[]
198,28,94,52,77,27,34,45,54,48,52,38,8,56,44,64,34,71,50,66,49,0,3,0,0,[]
199,40,93,57,67,4,95,49,59,54,60,26,10,53,48,55,43,60,49,55,47,0,3,0,0,[]
200,52,91,54,58,10,84,48,55,54,61,23,12,65,53,57,47,60,51,57,48,0,3,0,0,[]
201,64,90,56,59,20,75,51,59,57,62,21,12,65,53,61,52,61,52,66,55,0,3,0,0,[]
202,76,87,58,58,30,66,57,58,55,61,28,16,65,54,55,52,60,51,65,56,0,3,0,0,[]
203,77,79,59,62,41,59,52,61,56,62,37,26,64,57,50,50,54,49,65,57,0,3,0,0,[]
204,71,69,57,55,51,53,50,52,57,57,46,37,66,56,55,42,56,46,66,54,0,3,0,0,[]
205,85,66,63,60,58,55,56,55,62,60,50,47,62,52,58,46,55,45,66,41,0,3,0,0,[]
206,89,73,58,59,59,60,54,61,60,61,59,49,60,44,52,50,51,48,55,49,0,3,0,0,[]
207,80,77,54,57,55,58,49,60,50,59,73,50,70,41,49,47,46,50,42,44,0,3,0,0,[]
208,71,69,55,57,56,56,48,58,55,58,86,51,72,41,37,38,52,43,28,44,0,3,0,0,[]
209,71,67,63,64,51,53,51,51,51,52,92,53,62,36,25,29,53,42,41,37,0,3,0,0,[]
210,73,70,68,69,50,50,55,51,52,50,86,52,50,34,15,22,54,41,47,36,0,3,0,0,[]
211,70,66,66,67,53,45,58,47,58,48,73,49,50,41,18,23,57,39,59,36,0,3,0,0,[]
212,66,55,66,65,49,50,53,49,61,49,66,45,40,38,20,25,58,40,56,41,0,3,0,0,[]
213,73,49,66,53,56,50,55,55,54,53,71,41,38,37,19,24,58,39,58,38,0,3,0,0,[]
214,69,42,68,48,67,49,53,52,52,48,61,38,41,32,28,23,62,40,58,39,0,3,0,0,[]
215,66,48,67,46,66,48,55,48,54,46,63,38,41,32,41,26,61,39,60,36,0,3,0,0,[]
216,66,44,65,45,68,44,57,46,51,41,64,37,91,6,55,31,59,37,59,36,0,3,0,0,[]
217,60,43,66,45,72,41,59,44,57,43,67,35,81,14,64,33,66,33,62,34,0,4,0,0,[]
218,52,48,64,57,78,52,55,56,50,54,68,34,72,25,58,33,62,34,61,36,0,4,0,0,[]
219,40,51,55,66,84,64,50,61,47,56,69,34,61,24,64,31,62,34,63,33,0,4,0,0,[]
220,31,45,49,73,89,74,50,60,47,56,95,5,47,17,64,31,56,40,63,33,0,4,0,0,[]
221,23,44,46,73,91,69,47,53,4,97,93,19,42,16,87,6,50,46,87,8,0,4,0,0,[]
222,15,40,46,63,91,65,49,52,4,95,93,33,40,16,72,7,53,43,76,20,0,4,0,0,[]
223,11,29,44,68,90,69,41,54,11,91,93,47,48,20,57,9,55,40,67,31,0,4,0,0,[]
224,10,20,33,60,91,73,41,54,20,80,91,59,41,30,42,10,59,38,61,37,0,4,0,0,[]
225,11,18,23,56,2,96,9,93,30,70,88,68,43,41,28,12,63,31,59,35,0,4,0,0,[]
226,11,23,21,53,7,89,19,84,35,59,88,64,38,40,21,12,63,31,47,35,0,4,0,0,[]
227,11,23,16,44,13,76,27,74,41,54,83,60,34,38,35,12,94,3,49,44,0,4,0,0,[]
228,12,95,15,44,17,64,36,64,39,50,84,62,33,38,29,12,88,6,40,37,0,4,0,0,[]
229,25,94,20,46,19,52,46,54,35,47,87,66,42,36,19,17,78,16,38,30,0,4,0,0,[]
230,37,93,24,45,22,43,45,51,33,43,84,79,52,35,17,15,70,27,38,30,0,4,0,0,[]
231,50,91,23,42,18,34,45,45,36,40,85,78,51,30,22,12,61,37,90,13,0,4,0,0,[]
232,64,91,23,42,9,31,52,46,44,42,89,65,51,25,29,8,57,33,78,23,0,4,0,0,[]
233,69,89,7,94,12,23,52,47,44,42,81,56,57,33,29,8,58,34,66,33,0,4,0,0,[]
234,79,84,15,89,18,16,54,55,54,45,77,52,67,42,90,12,66,43,62,40,0,4,0,0,[]
235,86,79,26,82,18,13,59,57,55,54,81,51,68,46,84,23,74,47,66,47,0,4,0,0,[]
236,87,77,32,74,20,13,51,53,55,55,91,55,61,39,79,35,67,40,64,38,0,4,0,0,[]
237,80,84,36,63,23,24,53,52,54,50,93,54,59,36,75,35,66,34,65,34,0,4,0,0,[]
238,74,72,44,54,31,34,55,44,63,50,91,54,55,32,64,34,61,39,64,40,0,4,0,0,[]
239,71,63,50,42,43,39,55,47,57,47,92,53,55,32,53,29,62,35,62,37,0,4,0,0,[]
240,78,64,55,40,53,46,57,43,55,43,83,49,84,11,54,21,63,35,64,39,0,4,0,0,[]
241,88,67,57,44,66,49,63,50,61,50,75,43,75,21,57,23,65,33,66,35,0,4,0,0,[]
242,79,64,65,53,66,55,66,58,66,60,78,47,70,30,54,11,61,37,57,33,0,4,0,0,[]
243,68,60,62,50,57,57,62,60,66,55,90,51,82,36,46,9,60,42,62,36,0,4,0,0,[]
244,66,48,56,49,49,48,53,50,66,48,92,53,72,34,49,7,58,39,55,32,0,4,0,0,[]
245,79,53,43,44,43,42,52,49,66,48,87,51,69,35,49,10,58,38,48,35,0,4,0,0,[]
246,75,65,35,39,34,36,48,51,66,55,87,49,58,33,57,15,58,39,50,35,0,4,0,0,[]
247,80,76,34,36,23,27,48,51,66,55,77,46,48,33,57,29,59,40,58,37,0,4,0,0,[]
248,85,82,34,40,21,20,5,96,5,92,79,55,43,38,54,41,52,46,50,46,0,4,0,0,[]
249,86,81,33,43,21,12,18,85,18,77,87,66,42,33,46,45,47,51,39,44,0,4,0,0,[]
250,84,81,34,43,22,21,28,74,29,67,88,74,41,40,43,42,46,55,50,46,0,4,0,0,[]
251,2,96,34,40,32,23,38,65,39,58,89,68,41,30,41,34,47,51,53,42,0,4,0,0,[]
252,66,48,44,38,38,27,49,53,50,47,82,57,46,32,41,31,53,41,56,41,0,4,0,0,[]
253,58,34,48,39,40,31,54,43,52,41,76,46,39,29,39,28,51,41,53,30,0,4,0,0,[]
254,49,25,39,26,41,34,48,35,48,34,65,38,47,22,38,25,51,41,51,20,0,4,0,0,[]
255,49,18,48,16,38,27,50,23,50,22,59,33,48,16,27,23,51,41,56,22,0,4,0,0,[]
256,44,23,45,23,26,23,38,23,39,24,54,44,48,15,19,25,51,41,59,34,0,4,0,0,[]
257,34,30,39,26,27,21,25,23,39,36,47,52,48,15,62,34,51,41,58,48,0,4,0,0,[]
258,31,31,33,31,26,23,25,30,32,32,45,51,48,15,52,43,51,41,48,51,0,4,0,0,[]
259,32,31,35,30,26,23,30,32,34,38,36,43,48,15,40,44,51,41,40,45,0,4,0,0,[]
260,33,33,34,31,2,96,30,34,30,37,32,40,48,15,33,42,51,41,31,35,0,4,0,0,[]
261,31,38,30,35,31,37,26,34,30,38,24,37,48,15,31,43,45,43,29,37,0,4,0,0,[]
262,29,39,25,35,24,37,25,34,25,37,23,41,48,15,30,42,33,40,31,39,0,4,0,0,[]
263,30,43,29,37,31,38,25,34,30,36,23,41,87,8,30,44,34,41,37,39,0,4,0,0,[]
264,30,43,23,44,30,37,25,34,25,37,23,41,73,17,32,41,31,39,33,43,0,4,0,0,[]
265,30,43,19,46,29,35,25,34,25,37,23,41,62,24,28,36,24,39,33,43,0,4,0,0,[]
266,30,43,28,50,29,35,25,34,25,37,23,41,53,31,31,35,29,33,33,43,0,4,0,0,[]
267,30,43,32,50,29,35,25,34,25,37,23,41,52,36,39,42,34,42,33,43,0,4,0,0,[]
268,30,43,26,59,29,35,25,34,25,37,23,41,47,33,41,39,41,39,33,43,0,4,0,0,[]
269,30,43,26,59,29,35,25,34,25,37,23,41,41,31,41,39,41,39,33,43,0,4,0,0,[]
270,30,43,33,60,29,35,10,92,25,37,23,41,41,28,91,4,85,10,33,43,0,4,0,0,[]
271,30,43,43,67,29,35,22,80,13,91,95,3,36,38,72,5,73,22,92,5,0,4,0,0,[]
272,12,95,47,64,29,35,29,69,25,79,87,19,37,39,56,9,64,34,80,20,0,4,0,0,[]
273,28,93,51,63,7,93,38,59,34,68,81,33,41,29,40,10,57,41,71,29,0,4,0,0,[]
274,41,92,46,52,21,82,47,52,42,57,80,48,50,21,30,10,56,42,61,40,0,4,0,0,[]
275,55,89,51,51,29,70,51,49,50,50,76,44,46,16,33,11,62,37,61,40,0,4,0,0,[]
276,68,88,60,59,37,62,58,57,56,54,70,40,42,17,46,15,59,40,58,39,0,4,0,0,[]
277,80,84,63,70,50,60,67,66,67,63,62,36,40,15,35,16,59,36,59,36,0,4,0,0,[]
278,81,80,64,70,40,58,66,66,65,68,49,34,28,20,21,14,47,34,49,35,0,4,0,0,[]
279,75,68,62,62,29,52,55,62,59,60,51,34,22,24,11,23,42,38,36,39,0,4,0,0,[]
280,66,58,53,49,32,45,46,51,50,49,64,33,12,23,7,27,41,36,24,38,0,4,0,0,[]
281,58,47,55,44,42,37,52,44,43,39,78,35,11,26,9,26,49,24,23,32,0,4,0,0,[]
282,63,40,64,40,51,32,61,41,53,41,87,38,22,22,11,23,61,24,26,30,0,4,0,1,[]
283,65,33,66,34,60,33,64,35,63,33,77,33,35,23,22,24,66,24,40,36,0,4,0,1,[]
284,57,34,56,32,55,40,60,40,55,32,71,31,47,22,35,22,70,25,40,28,0,5,0,1,[]
285,46,36,43,32,45,40,48,46,42,33,74,33,46,13,38,16,67,29,36,18,0,5,0,1,[]
286,39,41,37,41,28,37,54,45,36,43,81,45,46,15,48,18,65,37,30,22,0,5,0,1,[]
287,47,50,33,43,16,34,48,53,41,45,90,49,56,23,55,32,62,36,33,18,0,5,0,1,[]
288,51,62,33,47,9,37,49,66,41,45,90,56,57,27,60,37,60,40,45,16,0,5,0,1,[]
289,50,77,33,47,13,48,47,72,10,84,89,70,57,27,63,33,60,38,45,16,0,5,0,1,[]
290,54,84,3,97,21,46,47,72,23,72,88,74,79,12,63,33,55,31,93,4,0,5,0,1,[]
291,52,84,13,81,22,43,4,96,33,61,87,67,66,20,90,5,55,31,82,12,0,5,0,1,[]
292,51,84,24,71,21,39,19,83,43,54,80,56,56,30,82,10,55,30,71,24,0,5,0,1,[]
293,61,86,36,60,13,34,28,71,38,50,78,49,49,32,71,22,53,28,58,25,0,5,0,1,[]
294,69,92,48,53,17,43,38,61,32,45,77,49,47,37,62,33,54,33,51,34,0,5,0,1,[]
295,75,87,46,50,19,44,48,52,34,42,95,4,53,32,54,44,56,41,52,35,0,5,0,1,[]
296,78,86,56,58,15,39,46,54,41,51,87,22,50,33,56,42,55,43,54,32,0,5,0,1,[]
297,82,82,67,62,11,26,47,54,44,53,88,37,55,32,57,32,61,37,55,32,0,5,0,1,[]
298,75,71,74,65,11,21,49,55,44,44,90,52,66,41,63,38,56,39,54,32,0,5,0,1,[]
299,73,68,77,59,22,24,48,51,44,43,93,63,63,39,65,40,52,32,47,35,0,5,0,1,[]
300,79,66,72,63,27,17,46,50,47,45,91,61,54,31,59,34,59,34,47,35,0,5,0,1,[]
301,85,79,61,59,20,12,44,45,44,43,87,48,52,29,49,24,58,37,50,34,0,5,0,1,[]
302,83,82,51,50,20,20,45,43,48,46,86,51,44,23,42,16,59,28,57,32,0,5,0,1,[]
303,83,82,42,40,27,32,45,43,43,41,93,53,44,23,37,13,59,27,54,31,0,5,0,1,[]
304,2,96,43,33,40,37,54,47,43,41,92,55,44,23,44,13,94,4,55,31,0,5,0,1,[]
305,16,90,41,31,42,40,49,48,44,42,88,50,51,27,52,25,80,15,48,34,0,5,0,1,[]
306,29,81,42,39,40,40,43,42,40,38,80,41,57,33,57,32,69,26,54,32,0,5,0,1,[]
307,38,72,41,31,41,30,40,38,38,36,69,35,59,36,61,38,61,38,59,39,0,5,0,1,[]
308,40,65,43,34,45,24,43,42,42,32,71,41,56,43,59,40,61,41,57,42,0,5,0,1,[]
309,46,56,48,38,53,33,50,46,45,43,68,41,58,50,60,48,60,41,59,46,0,5,0,1,[]
310,58,46,63,41,58,37,57,42,57,44,62,36,66,48,65,46,67,41,62,42,0,5,0,1,[]
311,64,41,66,41,59,42,60,40,60,40,63,37,67,40,67,41,71,40,63,41,0,5,0,1,[]
312,68,43,66,41,63,41,64,40,63,40,66,39,68,44,70,41,72,44,65,38,0,5,0,1,[]
313,66,41,66,41,65,37,65,37,65,39,67,40,66,44,70,41,67,44,65,38,0,5,0,1,[]
314,66,41,66,41,64,26,66,35,65,39,67,40,63,37,69,40,65,37,65,38,0,5,0,1,[]
315,66,41,66,41,57,19,66,35,65,39,67,40,53,31,60,36,57,30,65,38,0,5,0,1,[]
316,66,41,66,41,57,19,66,35,65,39,67,40,40,36,47,34,44,35,65,38,0,5,0,1,[]
317,66,41,66,41,57,19,66,35,65,39,67,40,33,31,34,35,32,33,65,38,0,5,0,1,[]
318,66,41,66,41,57,19,66,35,65,39,67,40,34,30,30,33,32,34,65,38,0,5,0,1,[]
319,66,41,66,41,57,19,66,35,65,39,67,40,31,29,25,31,31,32,65,38,0,5,0,1,[]
320,66,41,16,89,57,19,66,35,3,95,67,40,31,28,23,24,33,32,82,10,0,5,0,1,[]
321,66,41,31,81,57,19,66,35,15,79,67,40,30,30,19,15,38,27,67,19,0,5,0,1,[]
322,66,41,40,71,57,19,66,35,29,70,67,40,95,4,24,12,95,4,69,33,0,5,0,1,[]
323,12,87,46,63,57,19,66,35,44,67,67,40,94,2,93,6,95,4,63,38,0,5,0,1,[]
324,22,79,49,65,57,19,2,96,58,62,89,21,84,14,81,22,80,14,69,31,0,5,0,1,[]
325,32,70,57,57,18,89,46,54,57,55,78,33,74,27,69,31,70,26,67,31,0,5,0,1,[]
326,42,60,58,55,31,80,42,56,57,56,68,36,65,38,62,38,60,38,59,40,0,5,0,1,[]
327,55,61,57,55,42,70,48,58,56,56,59,46,54,46,59,40,56,42,56,43,0,5,0,1,[]
328,54,58,58,56,52,61,53,61,56,59,61,50,54,50,59,42,55,47,56,49,0,5,0,1,[]
329,54,54,52,55,49,52,46,54,53,57,55,45,49,47,51,43,50,44,55,44,0,5,0,1,[]
330,51,46,55,48,49,47,50,45,52,49,58,41,53,41,57,39,56,39,57,43,0,5,0,1,[]
331,56,40,66,41,56,39,56,42,59,42,62,42,64,37,65,36,64,33,59,39,0,5,0,1,[]
332,53,47,66,41,52,46,51,49,54,49,56,45,60,44,61,40,62,39,56,42,0,5,0,1,[]
333,47,55,66,41,43,55,43,56,45,55,49,51,55,52,52,45,53,51,49,46,0,5,0,1,[]
334,39,64,66,41,37,58,36,62,34,61,49,54,51,56,49,50,46,57,36,43,0,5,0,1,[]
335,38,66,66,41,38,61,29,66,32,66,61,50,56,64,48,51,46,55,32,49,0,5,0,1,[]
336,38,66,66,41,36,62,29,66,32,66,76,49,58,66,41,53,42,53,32,53,0,5,0,1,[]
337,5,84,66,41,37,61,12,90,8,87,89,54,63,62,48,55,47,54,36,50,0,5,0,2,[]
338,12,72,66,41,32,66,13,89,22,74,88,65,68,64,61,62,59,61,50,55,0,5,0,2,[]
339,9,58,66,41,37,66,23,78,34,66,92,65,65,69,68,67,67,66,60,61,0,5,0,2,[]
340,9,48,3,96,41,60,32,67,44,70,86,76,66,67,72,63,62,62,60,62,0,5,0,2,[]
341,8,44,17,81,46,53,39,59,44,68,76,86,58,60,66,60,52,54,57,57,0,5,0,2,[]
342,9,31,25,70,39,60,39,60,35,60,74,87,65,56,61,57,51,55,54,58,0,5,0,2,[]
343,10,21,23,57,40,73,39,58,31,54,74,88,72,43,71,50,51,55,93,5,0,5,0,2,[]
344,13,18,24,59,51,83,38,59,35,60,71,88,77,48,77,53,50,51,82,22,0,5,0,2,[]
345,19,22,32,61,53,86,37,63,37,65,68,83,83,57,72,63,50,54,70,33,0,5,0,3,[]
346,27,33,43,68,49,89,45,72,49,74,60,84,76,58,58,61,48,54,66,48,0,5,0,3,[]
347,32,42,51,74,52,89,45,70,52,78,62,85,65,62,48,55,51,54,59,60,0,5,0,3,[]
348,31,54,52,76,45,79,41,67,49,74,59,89,57,68,53,58,57,66,57,70,0,5,0,3,[]
349,37,63,50,79,46,79,48,76,49,79,55,89,57,74,57,69,57,74,56,75,0,5,0,3,[]
350,40,71,47,79,50,84,44,72,53,84,55,84,52,74,57,72,55,75,55,76,0,5,0,3,[]
351,46,80,50,83,53,88,40,74,54,87,57,85,50,82,51,78,56,83,53,87,0,5,0,3,[]
352,49,82,45,81,48,89,49,82,51,88,59,88,53,85,55,84,52,84,50,89,0,5,0,3,[]
353,52,86,43,88,49,90,42,84,51,88,56,91,56,85,66,88,60,84,57,90,0,5,0,3,[]
354,48,91,42,88,42,92,41,90,51,88,55,92,56,85,95,4,56,91,57,92,0,5,0,3,[]
355,46,91,41,86,26,93,41,90,51,88,62,85,56,85,85,6,63,90,58,92,0,5,0,3,[]
356,46,91,3,96,11,95,13,96,51,88,67,82,56,85,65,7,67,90,71,87,0,5,0,3,[]
357,47,90,4,96,8,93,27,87,51,88,67,82,56,85,53,8,83,11,95,4,0,5,0,3,[]
358,51,90,22,88,17,75,28,74,51,88,86,9,56,85,55,8,71,24,80,10,0,5,0,3,[]
359,54,93,34,78,17,60,38,67,51,88,74,22,56,85,50,7,61,34,70,23,0,5,0,3,[]
360,63,92,41,68,21,48,39,65,14,89,70,33,56,85,42,15,55,44,61,35,0,5,0,3,[]
361,75,87,40,55,21,41,44,55,26,76,68,45,56,85,38,16,53,46,57,45,0,5,0,3,[]
362,80,85,39,49,30,39,42,56,37,65,67,58,93,5,32,12,56,41,49,41,0,5,0,3,[]
363,76,87,25,47,33,43,36,59,37,60,73,70,75,13,25,14,83,8,44,35,0,5,0,3,[]
364,64,92,16,43,34,40,36,59,34,48,73,85,69,26,23,10,68,18,51,41,0,5,0,3,[]
365,52,94,17,45,21,37,8,95,32,50,84,80,61,34,29,9,54,25,61,49,0,5,0,3,[]
366,52,94,20,49,11,30,14,89,37,63,89,66,52,36,29,9,55,32,61,52,0,5,0,3,[]
367,6,94,32,49,11,24,25,76,44,67,89,70,51,33,81,9,55,42,58,46,0,5,0,3,[]
368,19,84,42,54,12,23,35,65,54,67,87,75,57,39,63,10,52,46,58,46,0,5,0,3,[]
369,29,74,41,55,20,27,43,56,49,60,80,79,56,40,49,10,57,41,85,12,0,5,0,3,[]
370,39,63,47,54,31,36,45,54,44,51,78,81,57,39,43,15,59,41,73,27,0,5,0,3,[]
371,47,53,50,48,42,42,50,50,44,43,71,91,56,33,38,14,63,36,63,37,0,5,0,3,[]
372,54,55,58,56,51,52,50,52,54,52,64,91,55,30,42,9,63,34,64,37,0,5,0,3,[]
373,57,68,66,66,57,66,57,65,65,63,63,91,44,36,48,19,59,36,59,37,0,5,0,3,[]
374,61,87,57,64,67,80,58,71,73,75,63,91,42,39,35,12,55,32,55,40,0,5,0,3,[]
375,63,93,43,67,64,88,69,82,67,90,62,92,34,39,22,14,45,33,42,39,0,5,0,3,[]
376,70,90,43,58,52,84,63,78,62,85,61,92,29,50,15,18,49,42,31,48,0,5,0,3,[]
377,80,81,49,51,47,69,55,66,71,77,61,92,23,53,10,32,47,36,20,48,0,5,0,3,[]
378,88,74,52,50,58,60,49,54,71,65,61,92,21,47,9,34,58,28,20,38,0,5,0,3,[]
379,89,70,61,43,66,49,58,46,66,52,61,92,28,37,8,30,69,28,20,38,0,5,0,3,[]
380,88,67,70,34,68,35,67,35,67,37,61,92,27,32,7,19,71,27,89,6,0,5,0,3,[]
381,88,67,73,26,71,24,72,28,73,22,61,92,26,30,7,19,77,17,83,23,0,5,0,3,[]
382,2,96,75,25,73,23,72,24,72,24,61,92,94,4,95,4,82,21,81,25,0,6,0,3,[]
383,72,28,72,25,70,26,70,26,71,25,61,92,81,19,88,8,81,21,80,25,0,6,0,3,[]
384,60,33,66,40,63,32,61,35,59,33,61,92,75,24,78,20,79,25,77,27,0,6,0,3,[]
385,47,34,66,46,50,34,51,45,55,32,61,92,67,30,68,27,71,32,70,31,0,6,0,3,[]
386,37,37,66,46,39,39,39,54,55,32,61,92,59,40,63,34,64,38,62,38,0,6,0,3,[]
387,31,47,2,97,30,49,31,58,10,85,95,4,48,49,56,42,54,47,50,50,0,6,0,3,[]
388,32,59,17,82,21,48,31,58,24,72,78,16,38,43,46,51,43,53,43,56,0,6,0,3,[]
389,41,58,27,70,17,49,11,91,33,60,67,28,40,36,49,50,45,48,44,48,0,6,0,3,[]
390,42,58,38,61,8,48,24,78,41,57,57,38,52,32,47,48,45,53,41,45,0,6,0,3,[]
391,35,65,38,63,18,52,34,68,36,62,48,50,53,32,45,52,43,53,43,53,0,6,0,3,[]
392,40,65,39,64,30,60,37,64,31,58,35,42,41,40,41,46,40,44,36,42,0,6,0,3,[]
393,40,65,38,61,33,61,37,61,32,59,36,42,42,46,43,44,43,45,42,44,0,6,0,3,[]
394,1,95,39,62,36,61,41,60,38,58,44,49,43,48,47,50,44,48,43,44,0,6,0,3,[]
395,16,86,38,62,36,61,38,59,38,59,45,50,41,46,47,54,45,49,49,47,0,6,0,3,[]
396,27,73,44,57,4,95,41,59,42,56,38,43,32,36,41,44,37,41,40,42,0,6,0,3,[]
397,36,63,44,50,17,80,40,54,36,49,32,35,32,31,34,38,31,34,40,36,0,6,0,3,[]
398,39,52,36,40,31,50,42,44,33,39,31,33,32,31,30,32,29,32,39,37,0,6,0,3,[]
399,32,42,37,41,30,42,35,42,35,39,30,37,29,35,28,35,28,37,33,38,0,6,0,3,[]
400,32,36,32,39,30,39,34,36,31,36,29,32,25,36,27,33,25,36,30,34,0,6,0,3,[]
401,37,38,40,39,42,38,41,42,37,37,28,22,25,26,25,30,27,35,30,34,0,6,0,3,[]
402,28,36,41,30,51,44,51,45,36,36,31,18,37,23,29,22,26,23,30,34,0,6,0,3,[]
403,32,33,41,30,58,35,45,37,40,33,31,18,42,16,29,22,28,20,30,34,0,6,0,3,[]
404,30,32,38,29,45,32,34,35,31,31,84,14,38,16,85,10,36,16,30,34,0,6,0,3,[]
405,31,33,33,32,40,31,31,34,31,31,74,26,28,22,82,13,27,23,30,34,0,6,0,3,[]
406,32,32,32,32,33,35,31,34,30,33,71,28,26,24,24,28,24,27,30,34,0,6,0,3,[]
407,33,32,36,28,30,34,31,34,36,29,73,27,28,32,24,28,24,33,30,34,0,6,0,3,[]
408,26,32,32,35,27,37,25,37,31,33,32,43,29,32,25,26,21,38,30,34,0,6,0,3,[]
409,26,32,37,41,31,45,60,40,37,43,33,47,29,32,26,32,21,38,30,34,0,6,0,3,[]
410,27,35,32,52,36,40,66,33,40,43,32,49,29,32,26,32,21,38,84,11,0,6,0,3,[]
411,24,30,32,44,45,35,74,27,36,42,31,49,29,32,24,30,21,38,66,20,0,6,0,3,[]
412,24,29,42,38,35,24,84,19,40,41,36,42,29,32,23,30,21,38,73,26,0,6,0,3,[]
413,24,29,49,34,26,24,84,10,50,40,48,41,29,32,95,4,21,38,83,16,0,7,0,3,[]
414,24,29,54,43,39,23,77,12,50,40,60,37,29,32,78,11,21,38,77,11,0,7,0,3,[]
415,24,29,56,45,55,21,78,14,50,40,69,26,29,32,72,9,21,38,79,12,0,7,0,3,[]
416,24,29,65,34,70,25,78,10,50,40,78,16,29,32,72,9,21,38,84,14,0,7,0,3,[]
417,24,29,73,24,77,14,80,10,50,40,80,11,29,32,72,9,21,38,84,13,0,7,0,3,[]
418,24,29,77,12,76,15,78,11,50,40,79,10,85,8,72,9,21,38,78,11,0,7,0,3,[]
419,24,29,77,12,76,15,78,11,50,40,81,12,80,14,72,9,95,4,78,11,0,7,0,3,[]
420,24,29,77,12,76,15,78,11,50,40,81,12,75,25,72,9,65,91,78,11,0,7,0,3,[]
421,24,29,77,12,76,15,78,11,50,40,81,12,69,31,72,9,60,91,78,11,0,7,0,3,[]
422,24,29,77,12,76,15,78,11,50,40,81,12,67,33,72,9,55,85,78,11,0,7,0,3,[]
423,13,95,77,12,76,15,78,11,12,93,81,12,67,33,72,9,61,83,78,11,0,7,0,3,[]
424,30,89,77,12,76,15,78,11,32,89,81,12,67,34,72,9,67,82,78,11,0,7,0,3,[]
425,42,84,77,12,76,15,78,11,44,81,81,12,67,34,72,9,74,78,78,11,0,7,0,3,[]
426,54,84,77,12,76,15,78,11,51,78,81,12,88,7,72,9,74,78,78,11,0,7,0,3,[]
427,69,80,77,12,76,15,78,11,61,83,81,12,78,23,91,6,82,8,78,11,0,7,0,3,[]
428,77,87,77,12,76,15,78,11,67,82,81,12,68,34,78,22,67,19,92,9,0,7,0,3,[]
429,72,84,9,95,12,95,78,11,59,74,81,12,64,37,68,32,53,25,78,25,0,7,0,3,[]
430,73,72,12,92,31,89,78,11,57,73,81,12,64,37,62,34,55,31,74,35,0,7,0,3,[]
431,71,64,12,93,32,78,12,95,57,73,94,14,66,40,75,35,55,31,80,43,0,7,0,3,[]
432,82,66,33,90,32,62,31,91,15,90,82,29,70,40,80,48,59,39,81,35,0,7,0,3,[]
433,88,68,47,91,25,51,42,83,31,80,88,41,76,46,79,50,59,39,82,46,0,7,0,3,[]
434,87,69,59,84,19,49,53,77,47,76,92,55,80,44,89,45,67,33,82,42,0,7,0,3,[]
435,86,63,67,79,27,51,63,74,62,72,92,55,72,34,82,35,68,32,95,4,0,7,0,3,[]
436,84,63,66,71,41,51,68,69,65,68,89,52,63,36,72,34,67,32,80,17,0,7,0,3,[]
437,89,65,74,63,55,57,75,62,67,60,87,50,71,33,77,32,78,25,70,30,0,7,0,3,[]
438,88,64,81,55,54,50,87,65,76,57,91,46,77,29,87,37,88,15,78,34,0,7,0,3,[]
439,83,64,82,49,57,49,94,56,81,50,88,39,75,33,87,41,94,4,80,31,0,7,0,3,[]
440,73,64,84,50,64,57,94,54,82,48,79,35,68,34,90,40,95,3,86,37,0,7,0,3,[]
441,60,59,87,50,73,49,90,49,86,50,69,33,67,32,88,36,95,3,80,34,0,7,0,3,[]
442,55,50,90,44,81,45,91,46,90,46,72,33,77,33,84,31,95,4,81,33,0,7,0,3,[]
443,59,42,88,39,82,41,91,41,87,40,84,31,87,32,88,29,88,20,83,28,0,8,0,3,[]
444,63,38,80,48,80,45,84,50,83,50,80,32,80,34,79,24,78,29,80,26,0,8,0,3,[]
445,66,31,68,40,71,41,72,42,72,42,83,30,75,29,77,25,70,29,79,29,0,8,0,3,[]
446,64,35,69,31,67,29,67,32,67,31,77,27,78,29,79,25,75,26,79,26,0,8,0,3,[]
447,68,29,72,29,67,26,70,29,70,28,79,27,77,29,80,28,79,23,77,33,0,8,0,3,[]
448,67,30,70,28,67,29,68,29,70,30,80,30,74,23,81,25,79,27,78,30,0,8,0,3,[]
449,57,34,66,41,64,38,63,34,60,33,80,29,75,26,82,28,76,29,80,38,0,8,0,3,[]
450,51,37,66,48,51,40,54,45,55,32,86,37,68,31,78,30,70,30,78,38,0,8,0,3,[]
451,49,39,60,50,51,40,49,58,55,32,92,43,69,30,71,31,70,30,68,31,0,8,0,3,[]
452,2,96,60,50,4,91,51,65,18,84,81,35,72,30,71,28,72,27,70,29,0,8,0,3,[]
453,17,86,3,97,8,69,43,56,30,70,82,34,75,32,77,27,78,24,81,21,0,8,0,3,[]
454,28,73,7,94,8,54,40,57,26,59,92,44,77,35,84,36,85,21,91,10,0,8,0,3,[]
455,37,62,24,79,6,45,41,54,27,59,93,54,81,44,79,38,92,9,88,17,0,8,0,3,[]
456,48,53,34,68,12,48,40,54,35,60,91,59,77,51,80,41,94,4,80,35,0,8,0,3,[]
457,51,47,44,57,27,50,44,51,45,53,87,69,76,50,69,35,94,4,77,48,0,8,0,3,[]
458,44,40,42,44,33,43,41,42,42,42,90,75,66,44,67,35,95,3,66,47,0,8,0,3,[]
459,41,32,47,40,42,37,45,43,42,34,88,72,63,36,64,35,95,3,60,44,0,8,0,3,[]
460,46,44,56,46,50,34,45,44,47,39,88,72,68,33,68,32,78,16,71,34,0,8,0,3,[]
461,53,44,54,45,47,39,47,44,50,41,91,9,66,29,66,35,73,27,71,34,0,8,0,3,[]
462,49,40,50,44,38,38,45,43,48,39,78,24,66,31,64,36,66,35,92,7,0,8,0,3,[]
463,46,35,44,47,25,32,45,43,42,40,69,34,68,33,69,32,69,32,75,27,0,8,0,3,[]
464,42,38,34,39,14,21,8,94,42,40,70,28,66,28,75,26,70,26,67,32,0,8,0,3,[]
465,2,96,30,32,11,26,13,90,15,89,71,32,68,40,83,14,70,32,67,33,0,8,0,3,[]
466,20,84,28,34,15,38,13,91,28,74,64,39,72,42,92,4,69,34,64,37,0,8,0,3,[]
467,29,73,28,34,15,42,23,80,35,63,63,37,61,36,76,20,66,35,60,35,0,8,0,3,[]
468,39,62,11,91,15,42,31,68,41,58,58,42,57,29,64,32,63,33,54,30,0,8,0,3,[]
469,48,51,25,77,2,96,42,57,46,51,62,33,50,22,64,26,65,26,53,21,0,8,0,3,[]
470,49,50,35,67,19,84,44,54,47,50,58,42,56,32,61,34,63,36,51,31,0,8,0,3,[]
471,53,51,48,54,48,48,45,50,49,48,59,42,59,41,60,39,57,40,57,34,0,8,0,3,[]
472,57,46,56,44,46,36,53,46,54,43,64,39,61,42,62,36,60,36,64,39,0,8,0,3,[]
473,57,46,54,43,50,33,53,47,55,45,65,39,62,41,64,37,62,35,62,39,0,8,0,3,[]
474,63,37,63,36,60,25,60,36,62,37,71,31,70,32,71,27,71,32,69,30,0,8,0,3,[]
475,68,28,68,32,67,27,66,31,67,30,76,26,75,29,76,28,77,32,79,30,0,8,0,3,[]
476,72,21,73,29,71,23,70,27,72,25,80,31,77,18,80,21,81,26,80,25,0,8,0,3,[]
477,69,29,70,32,68,28,67,30,68,29,78,33,71,20,75,21,79,28,78,27,0,8,0,3,[]
478,67,31,66,34,65,31,66,32,62,32,78,32,72,23,77,25,75,29,76,28,0,8,0,3,[]
479,63,36,62,37,60,34,60,36,61,24,72,33,68,31,71,29,69,32,69,33,0,8,0,3,[]
480,66,37,64,41,69,34,63,38,66,32,67,36,67,30,71,33,72,33,67,37,0,8,0,3,[]
481,67,39,66,38,66,34,65,37,67,36,68,35,67,33,69,32,73,34,66,35,0,8,0,3,[]
482,69,42,65,40,66,34,64,41,67,36,69,35,63,35,67,31,71,38,67,32,0,8,0,3,['40:6 LNGPlex(天启者) 击杀了 V5Mole(万花通灵)']
483,73,45,74,42,66,34,55,49,67,36,69,35,67,46,67,45,72,48,67,32,0,8,0,3,[]
484,74,47,74,42,66,34,51,44,67,36,69,35,62,50,65,51,73,48,67,32,0,8,0,3,[]
485,74,47,74,42,66,34,52,42,67,36,69,35,59,45,61,51,73,48,67,32,0,8,0,3,[]
486,74,47,74,42,66,34,47,40,67,36,69,35,64,36,65,41,73,48,67,32,0,8,0,3,[]
487,74,47,74,42,66,34,41,32,67,36,69,35,58,38,63,37,73,48,67,32,0,8,0,3,[]
488,74,47,74,42,66,34,32,23,67,36,69,35,50,32,65,34,73,48,67,32,0,8,0,3,[]
489,74,47,74,42,66,34,29,22,67,36,69,35,41,31,95,4,73,48,67,32,0,8,0,3,[]
490,74,47,74,42,66,34,2,96,67,36,69,35,42,26,78,12,73,48,67,32,0,8,0,3,[]
491,74,47,74,42,66,34,19,86,3,95,69,35,43,24,59,11,73,48,67,32,0,8,0,3,[]
492,74,47,74,42,66,34,34,78,7,88,69,35,95,4,46,12,73,48,67,32,0,8,0,3,[]
493,74,47,74,42,66,34,44,70,23,73,69,35,77,17,53,20,73,48,84,11,0,8,0,3,[]
494,74,47,2,96,5,92,48,74,37,66,93,6,67,30,54,32,73,48,70,26,0,8,0,3,[]
495,74,47,15,88,23,82,50,67,52,65,76,19,57,40,57,33,73,48,60,39,0,8,0,3,[]
496,2,96,26,75,37,75,53,64,57,64,67,32,51,46,54,43,95,4,56,45,0,8,0,3,[]
497,43,56,38,63,50,65,47,53,56,56,59,41,50,45,56,45,53,28,55,46,0,8,0,3,[]
498,53,51,50,55,64,63,54,57,65,57,53,43,48,42,54,42,49,33,56,42,0,8,0,3,[]
499,51,48,47,48,66,65,65,65,58,56,44,39,37,39,45,38,38,36,41,37,0,8,0,3,[]
500,43,43,43,41,66,65,68,67,46,46,34,39,32,33,33,35,30,33,31,39,0,8,0,3,[]
501,34,39,35,37,66,65,68,67,40,34,30,32,34,31,29,32,30,30,32,44,0,8,0,3,[]
502,37,40,37,36,59,59,68,67,36,40,32,34,34,31,30,35,31,33,33,37,0,8,0,3,[]
503,37,40,39,37,49,50,60,60,35,40,28,34,29,32,26,30,36,23,29,37,0,8,0,3,[]
504,31,31,30,28,59,39,55,48,26,30,28,22,28,22,27,24,30,20,25,25,0,8,0,3,[]
505,43,24,32,22,69,28,67,34,30,18,40,16,37,15,37,13,40,11,39,16,0,8,0,3,[]
506,56,16,46,22,76,20,77,25,45,12,53,11,45,12,54,8,54,9,53,9,0,8,0,3,[]
507,61,10,59,11,81,16,83,17,53,9,60,10,51,9,67,9,72,11,65,10,0,9,0,3,[]
508,68,12,62,14,90,13,92,15,54,9,70,14,62,13,72,11,86,14,77,12,0,9,0,3,['42:19 LNGPlex(天启者) 击杀了 V5Windy(解脱者)']
509,68,12,62,14,90,12,92,14,54,9,70,14,63,14,72,11,85,13,76,12,0,9,0,3,[]
510,68,12,62,14,90,12,92,14,54,9,70,14,63,14,72,11,85,13,76,12,0,9,0,3,[]
