,BLGADD, ,BLGMeteor, ,BLGKuro, ,BLGJinjiao, ,BLGXinMo, ,RWZWuJi, ,RWHolder, ,RWWeiYan, ,RWHuaTian, ,RWKillua, ,blue_economics,blue_towers,red_economics,red_towers,captions
0,4,95,4,98,2,99,0,97,1,95,97,3,94,5,96,5,95,2,93,3,0,0,0,0,[]
1,4,95,4,97,2,98,1,97,2,95,96,3,93,5,95,5,95,2,93,4,0,0,0,0,[]
2,4,95,4,94,2,96,5,96,4,94,93,5,92,4,93,6,94,5,93,5,0,0,0,0,[]
3,4,95,5,94,4,94,5,96,4,94,93,6,92,4,93,6,94,6,92,6,0,0,0,0,[]
4,6,72,18,76,20,80,26,85,26,92,82,25,69,8,75,17,80,23,79,23,0,0,0,0,[]
5,9,49,31,59,36,65,42,70,49,89,80,48,46,11,57,29,66,40,66,41,0,0,0,0,[]
6,11,27,34,43,46,51,52,65,69,81,74,66,29,21,43,32,58,49,64,58,0,0,0,0,[]
7,18,20,34,42,47,52,52,65,71,78,73,66,29,23,47,34,54,47,60,60,0,0,0,0,[]
8,19,24,35,39,48,51,53,65,73,77,73,67,29,23,48,34,54,45,62,61,0,0,0,0,[]
9,21,21,35,38,46,51,51,66,68,78,71,65,29,23,55,32,55,47,62,61,0,0,0,0,[]
10,27,22,35,38,46,50,49,67,72,76,71,65,36,23,63,39,54,48,62,62,0,0,0,0,[]
11,28,20,35,39,45,51,49,67,67,78,71,65,44,23,66,48,51,50,62,61,0,0,0,0,[]
12,28,20,38,38,46,50,50,67,59,72,66,64,45,23,64,58,54,52,61,64,0,0,0,0,[]
13,31,17,32,46,45,53,46,67,57,72,56,64,45,23,55,64,54,56,53,66,0,0,0,0,[]
14,30,18,31,57,45,57,47,70,55,76,61,62,46,23,55,55,54,52,60,63,0,0,0,0,[]
15,21,20,39,65,40,65,48,73,55,75,70,67,46,24,51,45,51,48,70,67,0,0,0,0,[]
16,15,16,49,68,42,67,54,76,53,76,79,74,45,23,47,36,46,38,78,75,0,0,0,0,[]
17,8,18,57,73,44,58,54,76,52,76,85,84,48,19,50,34,49,42,84,87,0,0,0,0,[]
18,18,16,52,73,48,49,53,76,51,75,85,88,42,10,51,34,49,43,83,89,0,0,0,0,[]
19,19,12,50,74,46,51,54,76,52,74,83,88,31,11,53,30,49,43,84,88,0,0,0,0,[]
20,17,13,51,76,47,50,59,76,57,76,84,84,21,14,51,34,53,47,84,86,0,0,0,0,[]
21,18,14,56,81,48,53,69,81,67,80,82,84,20,12,53,32,54,48,80,83,0,0,0,0,[]
22,17,15,56,84,47,49,76,86,76,87,83,85,19,12,52,29,55,45,80,83,0,0,0,0,[]
23,13,15,57,83,50,48,77,89,77,88,83,83,18,15,50,24,55,44,79,82,0,0,0,0,[]
24,13,16,57,85,52,49,72,91,73,87,76,78,16,15,50,22,54,44,79,87,0,0,0,0,[]
25,14,15,55,85,49,49,73,90,73,88,78,82,17,15,49,21,55,44,79,88,0,0,0,0,[]
26,17,15,50,81,50,46,73,89,73,88,79,86,19,13,48,19,56,43,78,90,0,0,0,0,[]
27,14,16,47,71,51,46,74,88,74,90,80,85,17,17,43,17,57,44,80,88,0,0,0,0,[]
28,14,18,49,66,50,46,72,89,72,89,77,86,18,13,45,15,58,42,77,92,0,0,0,0,[]
29,12,21,45,67,51,45,72,88,72,90,79,88,14,19,46,15,58,43,78,91,0,0,0,0,[]
30,13,19,41,67,52,47,69,89,70,89,76,88,14,15,44,15,58,47,76,90,0,0,0,0,[]
31,10,22,32,61,50,46,72,91,71,88,77,88,14,19,42,16,55,43,78,89,0,0,0,0,[]
32,10,20,29,51,50,48,77,88,76,88,84,82,12,19,40,15,56,44,83,89,0,0,0,0,[]
33,10,24,24,39,51,48,76,88,76,89,83,85,14,19,36,15,58,42,84,89,0,0,0,0,[]
34,10,25,20,28,47,46,75,88,75,89,83,82,11,23,36,15,59,42,82,90,0,0,0,0,[]
35,11,20,18,25,46,45,75,87,76,88,83,83,11,19,91,13,57,44,82,90,0,0,0,0,[]
36,9,25,12,21,51,47,77,88,77,88,84,86,12,21,86,23,55,44,82,90,0,0,0,0,[]
37,8,25,19,24,50,48,78,87,78,88,84,88,12,21,80,34,54,42,83,89,0,0,0,0,[]
38,8,25,13,20,49,48,76,87,77,89,83,84,96,3,80,46,57,44,83,89,0,0,0,0,[]
39,2,96,21,25,49,49,72,83,75,88,83,85,84,5,76,56,56,46,82,90,0,0,0,0,[]
40,10,24,29,34,48,50,75,88,76,89,84,85,71,6,69,63,55,43,83,87,0,0,0,0,[]
41,12,23,32,39,47,50,73,88,75,88,82,84,59,8,66,63,47,51,80,91,0,0,0,0,[]
42,15,22,36,42,41,54,76,87,76,89,83,86,47,9,61,62,46,52,82,90,0,0,0,0,[]
43,15,21,43,44,42,54,76,88,77,88,81,85,34,11,53,62,48,54,80,90,0,0,0,0,[]
44,13,20,47,53,44,53,77,87,77,87,85,84,27,18,48,56,47,57,84,89,0,0,0,0,[]
45,13,19,47,56,44,55,80,88,82,90,84,83,24,26,46,56,48,58,86,87,0,0,0,0,[]
46,13,19,41,59,44,55,80,86,82,88,84,81,27,22,46,57,47,58,87,84,0,0,0,0,[]
47,14,17,41,56,5,92,78,85,82,87,85,81,23,14,51,64,47,58,85,84,0,0,0,0,[]
48,16,15,38,56,5,92,77,87,80,90,85,83,20,12,47,74,93,7,85,85,0,0,0,0,[]
49,21,12,38,56,11,84,77,87,80,91,83,82,28,10,52,83,86,15,84,86,0,0,0,0,[]
50,20,11,6,95,19,76,79,89,81,90,82,82,24,10,60,85,78,23,83,85,0,0,0,0,[]
51,20,10,8,94,27,69,80,89,77,88,82,83,22,10,62,84,70,31,77,84,0,0,0,0,[]
52,19,11,18,93,36,62,76,91,75,91,79,85,26,10,62,84,62,38,78,86,0,0,0,0,[]
53,22,11,29,92,45,53,76,90,75,88,81,86,30,8,60,84,52,41,79,83,0,0,0,0,[]
54,26,13,41,91,44,52,71,93,69,91,74,89,29,8,61,85,45,39,73,88,0,0,0,0,[]
55,34,16,51,88,44,51,73,92,72,88,78,86,29,8,57,82,51,46,82,90,0,0,0,0,[]
56,24,11,58,83,49,52,75,87,70,83,76,79,27,7,61,75,52,45,79,81,0,0,0,0,[]
57,22,10,58,84,52,51,80,85,78,83,82,80,29,9,57,65,57,47,76,78,0,0,0,0,[]
58,23,11,62,83,58,59,79,87,78,84,84,80,28,9,67,63,57,44,85,83,0,0,0,0,[]
59,22,12,69,80,51,59,81,87,81,86,85,79,27,9,74,56,56,43,86,83,0,0,0,0,[]
60,20,13,75,75,45,50,81,87,83,84,85,78,27,10,76,57,55,43,85,82,0,0,0,0,[]
61,16,17,75,66,38,42,85,85,85,83,88,74,29,9,79,52,52,46,89,80,0,0,0,0,[]
62,15,17,76,59,47,46,82,83,83,83,89,77,20,13,80,51,55,47,89,80,0,0,0,0,[]
63,14,17,77,59,49,52,82,80,79,74,89,66,18,13,79,55,55,47,88,71,0,0,0,0,[]
64,14,16,74,60,56,59,84,78,75,64,90,72,18,16,77,49,50,49,88,68,0,0,0,0,[]
65,13,17,66,59,49,58,86,78,77,71,90,71,16,14,72,41,52,55,91,74,0,0,0,0,[]
66,18,16,57,63,46,55,89,73,85,78,92,68,26,9,71,41,51,51,93,71,0,0,0,0,[]
67,21,12,51,60,43,53,90,75,90,75,92,70,31,7,69,40,49,50,93,71,0,0,0,0,[]
68,21,11,47,65,42,54,88,76,91,77,91,71,27,9,66,46,46,56,91,71,0,0,0,0,[]
69,21,12,47,65,40,56,87,77,90,77,90,71,28,9,66,59,43,48,91,71,0,0,0,0,[]
70,23,12,57,69,42,57,86,80,84,80,90,71,29,9,72,68,51,51,90,73,0,0,0,0,[]
71,25,10,65,77,45,55,86,85,82,86,88,78,30,7,79,81,60,58,83,79,0,0,0,0,[]
72,24,10,73,85,52,63,81,92,75,93,80,88,29,8,78,90,65,63,78,91,0,0,0,0,[]
73,24,9,83,88,59,72,80,89,80,90,83,87,26,6,83,88,73,72,83,89,0,0,0,0,[]
74,24,9,84,88,68,79,82,87,85,84,85,81,27,8,86,87,79,81,89,82,0,0,0,0,[]
75,22,11,83,88,75,87,78,87,83,90,85,84,28,8,86,87,85,88,86,86,0,0,0,0,[]
76,23,12,84,88,85,84,83,84,87,86,88,78,29,9,95,4,88,85,88,77,0,0,0,0,[]
77,23,12,84,87,85,83,84,84,87,82,90,68,31,6,91,7,86,87,90,66,0,0,0,0,[]
78,25,11,83,89,78,75,82,78,88,77,91,62,29,8,78,6,86,87,93,61,0,0,0,0,[]
79,22,11,2,96,69,67,82,78,86,83,91,62,31,7,67,7,86,87,93,61,0,0,0,0,[]
80,18,12,5,91,62,61,82,78,83,90,95,4,31,7,55,11,95,3,94,4,0,0,0,0,[]
81,17,12,10,83,54,54,5,96,83,90,89,73,31,8,45,13,89,14,93,6,0,0,0,0,[]
82,17,9,14,73,47,49,15,95,2,96,89,73,28,9,40,17,80,21,90,17,0,0,0,0,[]
83,26,10,18,62,47,49,26,94,10,96,90,73,30,7,39,15,71,29,82,23,0,0,0,0,[]
84,23,10,24,56,6,91,37,93,21,94,89,72,26,7,31,16,62,37,71,26,0,0,0,0,[]
85,21,9,21,46,8,86,48,92,33,93,89,74,24,8,21,9,56,44,61,24,0,0,0,0,[]
86,16,10,23,36,16,78,59,90,44,92,87,73,30,6,29,9,51,47,48,24,0,0,0,0,[]
87,16,10,26,25,24,71,69,88,55,91,86,79,30,6,39,15,48,43,43,24,0,0,0,0,[]
88,3,94,36,23,32,63,80,86,67,88,84,80,88,4,48,20,43,34,40,30,0,0,0,0,[]
89,4,82,27,24,38,58,79,87,78,87,88,75,83,5,47,25,41,31,41,31,0,0,0,0,[]
90,5,70,24,34,40,55,78,88,77,88,84,79,70,6,49,27,42,33,41,31,0,0,0,0,[]
91,7,58,19,44,42,56,74,91,75,89,80,88,58,7,52,28,50,41,81,90,0,0,0,0,[]
92,12,48,18,45,42,55,73,90,75,91,80,86,46,8,52,34,52,47,80,89,0,0,0,0,[]
93,11,40,22,47,37,57,73,89,75,92,79,88,33,10,53,33,52,47,80,90,0,0,0,0,[]
94,11,28,21,48,30,54,73,91,75,92,78,88,21,14,53,33,52,47,81,91,0,0,0,0,[]
95,14,17,29,51,32,49,73,88,74,90,81,87,18,14,62,37,52,42,81,90,0,0,0,0,[]
96,13,18,39,51,42,51,80,88,83,89,86,77,16,14,66,47,53,43,89,82,0,0,0,0,[]
97,19,25,42,51,45,47,78,80,83,85,88,74,25,15,65,58,52,45,89,82,0,0,0,0,[]
98,22,30,42,55,49,47,82,81,84,83,88,72,27,22,68,63,55,43,89,75,0,0,0,0,[]
99,19,22,49,58,47,48,83,80,80,76,88,70,24,14,67,56,55,47,89,74,0,0,0,0,[]
100,13,20,54,56,49,52,83,81,75,71,90,71,15,18,72,45,58,45,90,76,0,0,0,0,[]
101,16,18,63,57,52,49,83,78,67,63,91,71,16,17,73,44,55,45,91,73,0,0,0,0,[]
102,8,22,57,54,51,51,85,78,75,71,90,72,21,13,75,44,57,48,92,75,0,0,0,0,[]
103,8,19,53,63,48,50,89,76,83,78,89,71,21,13,80,53,54,44,93,73,0,0,0,0,[]
104,9,21,46,65,50,52,90,77,90,77,91,70,91,4,81,55,53,46,93,69,0,0,0,0,[]
105,10,22,46,69,56,57,87,80,84,78,92,67,79,5,77,55,60,41,88,70,0,0,0,0,[]
106,9,23,49,75,53,50,90,77,87,75,90,69,64,7,70,63,56,41,88,68,0,0,0,0,[]
107,11,22,53,76,47,53,90,75,88,75,93,68,52,8,63,61,58,46,88,68,0,0,0,0,[]
108,9,22,57,82,47,50,90,76,88,78,91,70,39,10,59,57,52,48,87,69,0,0,0,0,[]
109,11,25,60,83,45,51,87,79,87,77,90,66,27,12,54,61,52,50,84,65,0,0,0,0,[]
110,11,21,62,83,46,51,84,80,86,78,81,65,16,18,63,57,58,50,75,62,0,0,0,0,[]
111,13,21,65,77,48,51,83,78,85,78,84,65,13,19,64,57,59,51,69,62,0,0,0,0,[]
112,12,22,63,71,46,57,78,74,77,72,91,69,16,16,95,4,93,5,76,57,0,0,0,0,[]
113,11,21,67,72,54,64,70,68,71,68,92,71,17,19,89,13,92,8,83,62,0,0,0,0,[]
114,10,23,65,72,59,68,69,68,67,69,91,68,15,20,80,20,86,18,90,70,0,0,0,0,[]
115,10,23,65,72,54,64,75,74,73,71,90,70,11,20,68,20,77,26,90,80,0,0,0,0,[]
116,14,19,65,72,49,50,80,82,80,80,92,77,16,15,58,23,68,34,89,82,0,0,0,0,[]
117,13,17,8,86,47,51,80,84,82,83,90,81,19,14,47,22,58,41,89,81,0,0,0,0,[]
118,14,17,13,74,40,50,81,81,84,86,87,75,19,15,36,22,48,47,90,77,0,0,0,0,[]
119,16,19,17,62,44,53,82,78,83,88,90,71,20,23,27,22,50,47,90,74,0,0,0,0,[]
120,19,23,20,49,46,51,81,81,2,96,91,71,19,23,26,22,49,43,88,72,0,0,0,0,[]
121,13,22,21,37,47,51,2,96,12,94,91,71,15,22,15,21,51,44,91,74,0,0,0,0,[]
122,10,33,19,21,47,47,2,96,23,93,86,79,20,15,17,17,54,46,88,82,0,0,0,0,[]
123,10,33,23,12,46,47,19,15,33,89,84,82,29,11,28,10,47,47,84,84,0,0,0,0,[]
124,8,96,19,18,39,55,20,15,36,78,77,87,29,11,38,7,50,48,78,86,0,0,0,0,[]
125,15,95,20,26,39,59,25,10,40,68,77,85,29,11,45,12,43,54,78,86,0,0,0,0,[]
126,26,94,32,31,42,56,25,10,41,61,77,85,29,11,42,15,48,53,92,4,0,0,0,0,[]
127,39,93,31,32,43,53,25,10,43,54,86,5,29,11,34,17,50,50,81,5,0,0,0,0,[]
128,45,92,26,24,44,48,19,12,44,44,74,6,21,14,25,14,52,44,70,6,0,0,0,0,[]
129,24,12,35,16,41,40,25,12,39,27,62,7,30,6,35,8,51,48,56,8,0,0,0,0,[]
130,34,11,41,7,40,28,24,13,31,20,50,8,31,6,44,6,58,38,41,6,0,0,0,0,[]
131,36,15,39,8,32,20,31,16,35,16,41,11,39,9,46,10,53,28,38,12,0,0,0,0,[]
132,32,20,39,8,25,25,24,22,29,21,30,9,32,7,45,13,50,32,31,11,0,0,0,0,[]
133,40,30,39,8,31,34,15,17,20,18,20,11,32,7,45,14,49,42,22,13,0,0,0,0,[]
134,46,39,39,8,40,43,15,18,13,16,18,11,94,11,47,8,48,52,26,17,0,0,0,0,[]
135,53,47,2,96,54,50,16,16,17,16,20,10,92,24,47,6,55,50,22,13,0,0,0,0,[]
136,56,49,11,83,57,48,20,18,22,21,24,9,89,36,95,4,58,45,24,12,0,0,0,0,[]
137,60,57,15,71,53,50,24,23,26,22,26,11,89,49,92,9,59,41,22,14,0,0,0,0,[]
138,65,61,20,59,52,50,19,15,20,20,27,14,89,65,85,20,59,42,28,18,0,0,0,0,[]
139,70,68,26,58,51,50,25,22,28,22,34,17,90,75,81,30,56,42,27,15,0,0,0,0,[]
140,74,64,36,63,46,47,18,19,30,22,32,11,89,76,80,42,56,44,35,12,0,0,0,0,[]
141,79,74,46,64,41,45,16,18,22,21,33,11,90,76,75,52,52,47,31,18,0,0,0,0,[]
142,86,77,52,66,41,45,18,17,23,22,29,17,91,75,74,54,64,51,30,22,0,0,0,0,[]
143,83,79,60,75,7,88,20,16,26,22,27,12,86,78,74,57,73,53,27,14,0,0,0,0,[]
144,87,76,74,77,15,79,23,11,25,16,28,8,91,74,77,69,75,63,27,7,0,0,0,0,[]
145,85,86,70,80,25,71,22,13,21,12,30,10,83,84,81,83,78,73,32,8,0,0,0,0,[]
146,83,89,77,89,34,63,25,14,26,14,34,9,82,90,82,90,79,85,37,13,0,0,0,0,[]
147,86,86,81,91,43,55,25,11,25,9,31,6,86,84,82,90,86,87,35,12,0,0,0,0,[]
148,86,86,71,91,49,49,26,13,26,11,29,6,81,84,82,90,79,86,30,8,0,0,0,0,[]
149,86,86,73,90,52,46,27,15,25,13,29,8,79,75,82,90,76,75,27,9,0,0,0,0,[]
150,86,86,78,81,56,48,23,12,24,12,36,6,77,70,82,90,70,65,35,9,0,0,0,0,[]
151,86,86,77,73,58,47,23,13,22,12,39,8,73,55,94,4,67,53,32,9,0,0,0,0,[]
152,86,86,68,78,57,47,23,13,24,14,29,6,66,55,78,5,61,49,28,10,0,0,0,0,[]
153,7,95,57,81,49,49,22,10,23,10,28,6,67,53,68,9,56,44,29,10,0,0,0,0,[]
154,19,94,54,84,45,52,24,10,24,9,28,6,67,53,59,12,60,42,31,11,0,0,0,0,[]
155,28,87,53,84,45,52,21,13,25,15,34,6,94,14,51,21,53,45,34,12,0,0,0,0,[]
156,39,88,47,76,47,49,30,16,32,17,36,6,92,27,46,24,54,47,39,14,0,0,0,0,[]
157,51,88,51,65,47,50,23,14,29,21,95,4,91,40,44,23,48,52,36,15,0,0,0,0,[]
158,62,88,50,54,48,51,16,18,30,22,95,4,90,53,41,25,50,53,34,18,0,0,0,0,[]
159,75,87,44,45,50,46,18,18,21,20,95,4,89,66,36,24,50,54,28,15,0,0,0,0,[]
160,84,82,44,34,55,45,20,20,23,24,22,11,88,78,47,23,50,54,21,10,0,0,0,0,[]
161,83,81,53,29,55,45,22,26,29,32,24,11,86,79,53,30,50,54,25,11,0,0,0,0,[]
162,86,78,53,33,53,32,19,24,31,33,28,12,89,76,56,32,50,54,31,9,0,0,0,0,[]
163,85,80,45,34,50,40,16,20,32,28,39,14,92,67,56,32,50,54,32,8,0,0,0,0,[]
164,82,80,33,30,55,43,14,15,27,31,37,15,89,76,56,32,50,54,95,4,0,0,0,0,[]
165,86,77,29,33,55,43,15,15,27,20,37,15,92,72,56,32,93,7,86,5,0,0,0,0,[]
166,91,73,29,33,49,50,22,11,24,12,38,15,91,72,94,8,85,15,73,6,0,0,0,0,[]
167,88,74,27,34,51,47,24,8,27,8,39,15,92,68,89,18,74,22,60,7,0,0,0,0,[]
168,83,78,29,33,50,47,25,8,27,8,39,15,91,72,83,28,65,31,48,8,0,0,0,0,[]
169,87,77,29,33,39,44,25,10,26,9,41,10,91,69,80,40,58,44,39,15,0,1,0,0,[]
170,84,79,30,43,26,46,24,10,22,10,36,8,92,72,78,51,54,45,34,11,0,1,0,0,[]
171,74,71,20,45,26,46,2,96,22,10,38,10,93,71,82,56,53,47,35,16,0,1,0,0,[]
172,71,67,16,43,26,46,8,94,11,92,36,8,91,73,77,56,58,50,36,10,0,1,0,0,[]
173,78,76,16,43,5,93,20,90,23,89,38,11,88,74,74,61,65,53,39,17,0,1,0,0,[]
174,79,75,9,92,18,79,32,90,36,89,38,14,88,74,76,58,62,52,48,21,0,1,0,0,[]
175,86,76,20,86,27,70,44,91,48,88,26,12,92,68,77,54,48,50,41,30,0,1,0,0,[]
176,83,78,32,80,36,61,55,89,55,89,17,15,92,66,79,54,49,49,37,37,0,1,0,0,[]
177,80,76,41,68,42,56,78,85,79,84,17,16,95,4,84,64,53,48,34,38,0,1,0,0,[]
178,2,96,48,65,50,59,86,77,86,76,17,18,93,11,91,66,63,41,23,38,0,1,0,0,[]
179,4,83,52,60,50,52,90,72,89,70,9,27,93,24,93,62,72,43,16,34,0,1,0,0,[]
180,5,70,46,57,51,50,90,73,92,72,9,27,89,34,89,57,68,41,8,30,0,1,0,0,[]
181,6,57,36,49,56,46,89,77,88,76,8,27,76,34,82,49,61,40,8,28,0,1,0,0,[]
182,8,44,30,39,54,43,89,77,87,77,8,27,66,35,78,37,63,37,10,25,0,2,0,0,[]
183,9,32,24,28,44,35,90,72,91,68,17,18,65,36,69,34,63,38,19,18,0,2,0,0,[]
184,14,21,27,16,38,24,89,63,90,58,25,10,64,33,63,36,58,33,24,12,0,3,0,0,[]
185,24,13,27,12,35,13,91,54,89,53,29,9,53,28,53,28,50,23,30,10,0,3,0,0,[]
186,31,9,31,8,33,7,88,53,84,51,31,8,47,17,44,16,41,15,30,10,0,3,0,0,[]
187,23,12,22,9,21,10,78,51,72,48,31,8,32,16,30,19,29,15,30,10,0,3,0,0,[]
188,17,18,15,10,18,18,68,46,67,42,31,8,27,13,25,13,23,11,30,10,0,3,0,0,[]
189,21,13,20,12,19,15,65,36,60,34,31,8,34,12,29,9,27,10,30,10,0,3,0,0,[]
190,33,16,31,16,28,12,62,32,56,22,31,8,47,10,41,7,38,8,30,10,0,3,0,0,[]
191,43,14,41,10,38,10,62,35,47,15,31,8,56,10,50,8,44,6,30,10,0,4,0,0,[]
192,45,11,44,8,43,10,57,31,46,10,95,4,56,12,55,9,46,10,85,6,0,4,0,0,[]
193,53,17,49,7,48,9,54,20,47,11,83,10,66,19,58,11,46,10,72,7,0,4,0,0,[]
194,58,13,57,14,49,9,55,17,47,15,71,11,72,26,64,11,46,10,60,8,0,4,0,0,[]
195,46,22,51,24,41,15,46,23,45,23,59,12,74,28,61,12,46,10,55,19,0,4,0,0,[]
196,40,17,51,35,38,16,39,26,43,23,56,17,71,29,56,19,46,10,54,12,0,4,0,0,[]
197,36,15,43,36,31,18,35,29,5,95,49,10,79,39,64,25,46,10,48,10,0,4,0,0,[]
198,31,10,43,36,30,19,35,29,14,89,39,11,84,51,66,30,46,10,38,15,0,4,0,0,[]
199,29,16,4,95,30,19,9,94,23,79,35,16,90,56,58,23,95,4,36,16,0,4,0,0,[]
200,22,12,12,91,23,22,19,87,32,72,39,11,89,69,61,23,89,13,36,17,0,4,0,0,[]
201,20,11,24,86,23,22,29,81,39,63,34,9,91,67,55,30,80,23,35,12,0,4,0,0,[]
202,15,11,35,78,13,95,40,76,48,55,32,9,90,68,55,32,71,31,29,9,0,4,0,0,[]
203,15,11,47,79,26,93,46,72,54,47,31,8,91,71,65,39,61,38,27,12,0,4,0,0,[]
204,4,87,57,72,38,92,51,63,50,50,33,17,82,66,76,44,53,46,33,22,0,4,0,0,[]
205,5,74,61,62,51,90,50,52,51,50,36,23,70,64,76,52,60,41,40,33,0,4,0,0,[]
206,7,60,73,63,64,88,56,54,59,55,48,25,74,62,75,57,69,47,50,41,0,4,0,0,[]
207,9,47,76,56,77,86,75,58,76,58,57,32,80,52,80,52,81,49,60,49,0,4,0,0,[]
208,10,34,82,55,84,81,80,54,78,51,59,39,92,45,90,43,89,46,59,50,0,4,0,0,[]
209,14,21,76,56,89,71,72,50,67,49,59,35,92,43,91,32,89,34,49,48,0,4,0,0,[]
210,23,12,69,63,89,69,61,50,56,48,58,38,95,4,93,20,86,34,51,43,0,4,0,0,[]
211,26,9,67,68,86,65,52,51,49,48,59,35,91,5,93,6,86,34,59,38,0,4,0,0,[]
212,23,11,69,66,77,62,58,47,58,46,61,39,80,7,85,8,87,36,64,41,0,4,0,0,[]
213,30,19,69,67,69,66,63,41,61,38,67,30,67,7,75,15,90,47,67,34,0,4,0,0,[]
214,37,15,70,65,72,64,66,37,67,35,70,28,54,8,70,25,90,49,69,28,0,4,0,0,[]
215,38,14,77,55,82,64,67,42,75,42,68,30,47,8,66,27,90,52,66,30,0,4,0,0,[]
216,39,14,76,43,88,62,67,40,71,41,66,26,46,8,62,25,87,40,66,28,0,4,0,0,[]
217,37,15,75,40,90,55,67,35,69,33,55,22,44,9,51,21,82,33,52,20,0,4,0,0,[]
218,39,14,77,46,84,50,71,29,68,28,56,21,50,9,54,21,73,26,55,22,0,4,0,0,[]
219,44,16,75,43,81,45,75,32,73,33,65,26,57,18,67,27,72,30,66,27,0,4,0,0,[]
220,53,20,80,42,78,39,81,40,81,41,72,30,65,26,67,33,73,29,73,31,0,4,0,0,[]
221,52,21,82,48,92,47,85,50,87,50,68,26,58,22,78,33,83,23,72,26,0,4,0,0,[]
222,51,21,80,39,91,48,88,49,88,50,55,22,51,20,87,32,91,12,76,28,0,4,0,0,[]
223,43,23,71,41,91,46,87,50,90,44,52,21,48,18,88,33,93,6,88,32,0,4,0,0,[]
224,44,23,63,33,87,45,75,49,93,51,63,24,46,9,87,31,90,18,90,34,0,5,0,0,[]
225,44,24,67,26,87,48,63,50,93,52,70,23,49,16,80,30,85,28,82,30,0,5,0,0,[]
226,45,23,67,26,88,41,58,43,89,51,73,23,60,24,68,26,72,27,68,26,0,5,0,0,[]
227,46,23,67,26,88,39,60,41,79,48,73,23,72,26,70,25,70,26,72,28,0,5,0,0,[]
228,41,17,67,26,90,38,56,41,79,48,73,23,86,29,73,28,77,29,85,30,0,5,0,0,[]
229,37,14,67,26,90,37,47,36,5,95,73,23,91,30,70,22,66,34,88,29,0,5,0,0,[]
230,40,16,67,26,91,37,47,34,11,83,73,23,90,32,67,20,64,36,89,26,0,5,0,0,[]
231,39,16,67,26,87,46,45,35,20,75,73,23,89,19,57,11,68,29,90,14,0,5,0,0,[]
232,41,15,67,26,87,46,42,45,30,66,73,23,93,9,50,8,80,31,93,4,0,5,0,0,[]
233,46,12,67,26,4,90,42,45,39,58,89,14,92,9,48,8,88,40,85,11,0,5,0,0,[]
234,43,9,67,26,12,75,2,96,47,49,79,21,79,10,58,8,89,42,75,14,0,5,0,0,[]
235,44,10,6,89,17,64,12,90,47,51,70,29,66,10,54,18,89,40,65,21,0,5,0,0,[]
236,36,15,13,78,23,48,21,81,48,50,61,37,54,10,48,19,89,40,60,25,0,5,0,0,[]
237,37,15,17,65,24,40,29,72,49,48,65,39,41,9,41,14,89,40,58,33,0,5,0,0,[]
238,33,16,23,55,28,31,37,62,44,54,69,40,43,8,48,15,90,46,56,42,0,5,0,0,[]
239,33,16,18,47,28,20,49,52,50,47,68,40,41,8,47,23,89,49,59,36,0,5,0,0,[]
240,15,95,17,44,31,18,51,45,48,42,67,43,43,8,48,23,91,46,52,34,0,5,0,0,[]
241,29,93,25,38,27,18,45,39,41,37,67,36,47,6,51,21,91,46,54,32,0,5,0,0,[]
242,43,91,32,36,24,13,43,36,41,37,64,33,47,6,95,4,89,7,95,4,0,5,0,0,[]
243,53,86,35,29,32,16,48,35,41,30,66,29,93,19,85,7,73,10,83,11,0,5,0,0,[]
244,57,83,42,25,44,13,47,36,47,37,64,23,81,26,77,19,60,9,70,18,0,5,0,0,[]
245,58,83,48,21,43,10,50,45,53,45,66,25,68,26,65,20,45,9,59,24,0,5,0,0,[]
246,69,80,43,12,34,10,51,43,52,42,57,22,55,21,55,20,40,8,55,21,0,5,0,0,[]
247,81,78,42,10,36,11,40,26,40,26,46,16,45,14,44,16,39,6,45,14,0,5,0,0,[]
248,86,78,38,7,33,9,48,20,48,19,40,10,40,7,42,9,39,6,38,8,0,5,0,0,[]
249,43,15,38,7,40,8,48,10,49,9,52,5,53,7,48,7,39,6,40,5,0,5,0,0,[]
250,58,8,38,7,50,7,48,6,50,6,55,5,59,10,55,6,39,6,38,5,0,5,0,0,['20:49 BLGJinjiao(³Í½äÖ®¼ý) »÷É±ÁË RWZWuJi(Ê¥Ç¹ÓÎÏÀ)']
251,67,11,38,7,53,9,54,9,54,11,55,5,69,10,55,6,39,6,38,5,0,5,0,0,[]
252,75,10,38,7,63,8,61,11,63,13,55,5,75,7,55,6,39,6,38,5,0,6,0,0,[]
253,69,19,38,7,65,9,69,11,69,10,55,5,75,7,55,6,39,6,38,5,0,6,0,0,[]
254,67,30,38,7,70,10,72,11,73,10,55,5,75,7,55,6,39,6,38,5,0,7,0,0,[]
255,70,28,38,7,73,11,70,10,72,12,55,5,75,7,55,6,39,6,38,5,0,7,0,0,[]
256,72,28,38,7,72,21,69,19,72,22,55,5,75,7,55,6,79,11,88,8,0,7,0,0,[]
257,73,27,12,90,72,24,71,27,72,27,92,10,75,7,92,9,80,22,81,21,0,8,0,0,[]
258,79,39,25,83,66,29,63,36,64,36,85,12,75,7,83,23,74,26,76,27,0,8,0,0,[]
259,85,50,36,76,53,41,55,46,57,47,79,13,95,6,72,27,66,32,67,32,0,8,0,0,[]
260,88,54,45,64,44,50,47,53,56,55,67,11,94,24,55,22,64,35,63,34,0,8,0,0,[]
261,83,59,53,66,41,51,47,53,56,55,55,11,90,38,39,25,60,34,59,38,0,8,0,0,[]
262,83,60,61,60,41,51,3,96,9,92,54,9,90,41,44,24,53,35,51,44,0,8,0,0,[]
263,84,62,67,51,11,85,19,87,19,81,54,10,91,43,43,22,48,35,42,35,0,8,0,0,[]
264,5,96,69,49,23,72,31,80,29,73,57,21,89,46,42,16,53,32,41,32,0,8,0,0,[]
265,19,84,82,57,32,63,43,78,38,64,59,33,88,42,44,17,54,32,95,4,0,8,0,0,[]
266,28,72,89,66,42,55,46,73,47,55,69,27,87,39,48,17,95,4,82,11,0,8,0,0,[]
267,37,64,83,60,53,49,51,64,57,50,67,26,89,35,59,23,88,8,73,23,0,8,0,0,[]
268,47,55,84,51,66,50,51,53,67,46,66,30,86,31,70,27,71,10,68,33,0,8,0,0,[]
269,56,44,89,46,77,52,58,42,65,39,63,33,74,24,76,29,70,18,67,33,0,8,0,0,[]
270,57,34,89,43,81,48,63,39,69,40,72,32,65,20,80,31,79,26,71,33,0,8,0,0,[]
271,57,32,88,38,82,40,67,36,66,37,73,26,75,23,81,31,89,36,70,27,0,8,0,0,[]
272,70,29,85,37,80,43,73,31,69,27,79,23,83,27,83,28,88,29,80,26,0,8,0,0,[]
273,73,23,78,29,77,32,72,27,69,26,80,22,85,29,82,22,81,24,82,25,0,8,0,0,[]
274,76,23,78,28,83,29,77,25,78,25,83,21,87,22,81,19,83,18,85,21,0,8,0,0,[]
275,70,17,77,24,88,37,78,26,76,24,87,9,92,9,82,17,72,10,78,14,0,8,0,0,[]
276,77,13,80,20,88,37,77,18,79,18,94,4,85,11,84,12,79,8,83,11,0,8,0,0,[]
277,72,17,80,23,89,33,78,24,78,25,81,14,81,14,77,14,75,13,75,16,0,8,0,0,[]
278,70,19,72,26,80,27,70,25,70,24,73,18,72,23,74,17,69,17,74,19,0,8,0,0,[]
279,70,19,70,26,74,26,71,29,70,27,74,19,65,23,69,19,74,19,70,25,0,8,0,0,[]
280,70,19,77,24,79,16,75,23,74,26,83,10,68,14,79,9,81,9,70,25,0,8,0,0,[]
281,70,19,89,30,77,15,84,26,84,28,84,8,78,7,90,5,81,8,70,25,0,8,0,0,[]
282,70,19,87,24,81,19,86,24,88,24,87,15,85,10,89,14,90,7,70,25,0,9,0,0,[]
283,70,19,80,13,82,19,86,22,89,22,88,9,84,10,84,8,89,14,70,25,0,9,0,0,[]
284,70,19,78,13,80,17,77,18,82,19,80,11,80,12,81,13,82,12,70,25,0,9,0,0,[]
285,70,19,74,16,77,12,76,14,79,16,79,10,80,12,80,11,79,16,70,25,0,9,0,0,[]
286,70,19,76,11,76,11,77,14,78,14,77,10,80,12,84,10,73,15,84,8,0,9,0,0,[]
287,4,95,80,14,81,16,83,17,80,18,77,10,80,12,91,6,73,15,87,14,0,9,0,0,[]
288,17,82,83,13,80,16,86,18,85,15,77,10,80,12,84,11,73,15,86,13,0,10,0,0,[]
289,28,72,87,9,86,9,91,12,86,14,77,10,80,12,91,7,73,15,91,5,0,11,0,0,[]
290,36,63,86,13,88,6,93,12,92,10,77,10,80,12,91,6,73,15,94,3,0,11,0,0,[]
291,44,55,86,13,88,6,91,15,91,10,77,10,80,12,91,6,73,15,93,5,0,11,0,0,[]
292,44,55,86,13,88,6,87,15,91,10,77,10,95,4,91,6,73,15,93,5,0,11,0,0,[]
293,44,55,86,13,88,6,87,15,91,10,77,10,95,4,91,6,73,15,93,5,0,11,0,0,[]
