,WE957, ,WEbeishang, ,WExiye, ,WEMystic, ,WEMissing, ,SNBiubiu, ,SNWeiwei, ,SNMaple, ,SNSmlz, ,SNSwordArt, ,blue_economics,blue_towers,red_economics,red_towers,captions
0,3,96,4,98,2,99,0,97,1,95,94,5,96,5,95,2,97,3,93,3,2500,0,2500,0,[]
1,3,96,4,98,2,99,4,95,1,95,94,5,96,5,95,3,97,3,93,3,2500,0,2500,0,[]
2,3,94,4,95,4,95,4,95,5,96,93,5,92,4,93,5,93,5,92,4,2500,0,2500,0,[]
3,4,91,7,93,7,93,6,95,8,94,90,6,88,5,89,6,92,8,89,5,2500,0,2500,0,[]
4,15,70,20,77,24,78,26,85,30,89,67,11,69,14,66,10,82,29,69,7,2500,0,2500,0,[]
5,21,48,31,58,38,60,42,70,53,87,44,13,53,32,54,19,79,50,45,8,2500,0,2500,0,[]
6,25,36,34,41,48,51,52,65,70,79,29,22,43,36,41,32,69,62,23,9,2500,0,2500,0,[]
7,26,36,34,39,46,53,48,65,73,76,29,21,44,35,41,32,70,62,12,11,2500,0,2500,0,[]
8,25,37,35,39,49,47,52,67,63,76,23,28,43,34,40,34,71,62,14,21,2500,0,2500,0,[]
9,24,36,33,38,44,47,56,68,68,78,20,27,42,32,46,35,72,63,23,23,2500,0,2500,0,[]
10,20,35,36,39,46,49,53,67,68,78,20,27,41,31,52,44,71,62,34,24,2500,0,2500,0,[]
11,24,36,35,39,45,53,49,65,68,78,19,24,41,31,53,48,70,62,41,32,2500,0,2500,0,[]
12,25,36,35,39,38,50,52,64,69,78,19,23,41,32,51,49,70,62,50,40,2500,0,2500,0,[]
13,24,35,34,41,33,43,52,64,68,78,24,23,41,31,50,49,72,63,59,47,2500,0,2500,0,[]
14,24,34,31,51,34,43,50,65,68,78,23,23,41,30,53,48,70,62,66,55,2500,0,2500,0,[]
15,24,34,34,61,34,43,52,64,68,79,24,23,41,31,48,53,69,63,62,61,2500,0,2500,0,[]
16,22,31,43,69,34,42,50,67,63,76,27,19,41,30,48,55,67,63,61,61,2500,0,2500,0,[]
17,20,22,47,73,36,49,48,73,57,69,21,9,46,24,52,46,74,69,70,67,2500,0,2500,0,[]
18,20,21,50,74,39,54,51,76,53,76,11,12,46,25,50,50,81,78,71,77,2500,0,2500,0,[]
19,10,18,50,76,46,54,52,78,51,77,10,13,46,24,49,48,81,86,69,79,2500,0,2521,0,[]
20,10,17,49,77,45,53,62,78,61,77,10,14,46,24,50,50,83,87,69,79,2521,0,2563,0,[]
21,12,15,49,79,46,54,70,82,71,83,19,14,48,22,49,49,83,87,77,80,2642,0,2677,0,[]
22,11,15,54,83,46,54,76,90,79,90,16,16,43,17,47,50,84,85,83,84,2793,0,2865,0,[]
23,14,18,52,85,42,56,79,90,80,89,16,14,43,16,45,51,81,84,81,82,2910,0,2971,0,[]
24,15,16,51,84,44,55,77,89,77,89,22,10,43,16,47,52,82,85,84,88,3006,0,3120,0,[]
25,16,15,52,84,45,56,78,89,75,87,21,12,44,15,47,53,81,84,83,86,3158,0,3243,0,[]
26,15,12,55,82,43,57,76,88,75,90,23,13,45,16,45,54,79,85,81,91,3223,0,3407,0,[]
27,16,16,56,83,40,58,78,89,79,88,21,10,49,20,46,51,83,83,84,84,3382,0,3483,0,[]
28,16,13,51,84,43,54,77,90,79,89,22,12,51,32,55,49,82,83,83,85,3558,0,3596,0,[]
29,17,13,47,75,41,55,75,89,76,87,25,11,50,35,51,45,80,84,81,90,3651,0,3702,0,[]
30,20,15,46,65,46,52,74,90,72,89,24,10,49,34,51,46,79,86,80,89,3744,0,3797,0,[]
31,18,13,43,69,51,51,74,91,74,92,25,8,47,35,53,46,78,86,78,88,3906,0,3986,0,[]
32,18,12,43,68,53,46,77,91,77,91,23,10,41,40,53,46,77,85,80,86,4065,0,4076,0,[]
33,18,14,47,66,52,55,76,91,78,92,22,10,42,46,50,48,78,85,79,88,4207,0,4176,0,[]
34,19,12,47,59,49,53,73,90,74,92,24,8,37,41,50,47,78,87,80,89,4356,0,4318,0,[]
35,15,18,39,52,49,49,72,89,72,93,21,10,29,37,53,44,76,91,78,90,4428,0,4509,0,[]
36,16,17,32,44,50,51,72,91,73,93,23,11,35,42,53,45,78,85,77,80,4561,0,4680,0,[]
37,16,14,39,38,51,49,70,90,71,92,21,11,46,36,52,46,76,90,75,89,4699,0,4777,0,[]
38,16,14,30,37,52,49,73,89,73,91,18,13,57,33,53,45,79,88,78,88,4771,0,4988,0,[]
39,15,17,28,35,53,50,75,90,74,87,20,12,66,41,54,46,80,86,80,89,4850,0,5123,0,[]
40,14,17,29,38,49,50,75,93,76,92,19,12,66,52,53,45,78,87,76,87,4964,0,5223,0,[]
41,13,16,26,35,45,55,73,90,75,93,18,11,69,63,50,51,77,89,76,87,5127,0,5301,0,[]
42,13,17,25,46,43,54,72,92,73,92,17,13,73,67,49,51,78,89,77,88,5232,0,5398,0,[]
43,10,21,22,43,45,52,73,90,71,86,23,14,68,66,51,51,77,88,78,88,5332,0,5526,0,[]
44,10,20,21,41,44,53,75,91,73,87,22,14,58,61,49,51,79,86,80,85,5569,0,5613,0,[]
45,10,21,23,38,44,53,78,91,80,91,13,15,53,58,49,53,78,84,80,87,5620,0,5710,0,[]
46,10,20,20,28,46,52,75,92,77,92,13,15,62,57,50,49,79,86,80,89,5783,0,5897,0,[]
47,16,14,19,15,48,52,76,88,77,86,19,10,74,55,53,43,82,86,83,88,5863,0,5962,0,[]
48,18,9,22,8,47,50,75,90,78,90,25,7,74,54,56,41,79,83,82,86,6033,0,6040,0,[]
49,11,18,19,19,48,49,76,91,77,92,29,8,78,55,53,46,80,86,82,88,6217,0,6191,0,[]
50,16,20,21,30,47,46,77,90,77,91,29,8,83,56,53,45,80,85,82,91,6317,0,6284,0,[]
51,14,20,15,40,46,43,76,89,78,92,90,4,83,56,58,42,80,85,83,90,6414,0,6430,0,[]
52,12,18,15,43,46,43,76,88,76,90,78,6,80,54,57,42,81,87,81,90,6522,0,6692,0,[]
53,12,16,18,45,3,93,76,90,75,87,17,14,75,47,56,47,81,87,81,91,6659,0,6834,0,[]
54,12,21,25,56,10,84,74,92,71,90,15,15,73,44,50,49,77,86,79,82,6773,0,7011,0,[]
55,10,20,24,57,19,77,73,92,71,89,14,17,73,42,49,50,77,86,69,79,6866,0,7231,0,[]
56,11,20,23,57,27,69,75,92,71,88,15,20,73,42,54,47,79,86,78,82,7126,0,7349,0,[]
57,8,22,23,57,35,62,73,90,61,85,16,20,95,4,54,47,78,86,80,89,7220,0,7484,0,[]
58,7,23,2,96,41,55,74,93,69,89,13,21,81,6,95,4,77,87,81,91,7334,0,7604,0,[]
59,9,25,7,94,45,52,71,94,72,93,12,20,69,7,85,9,75,89,80,91,7448,0,7655,0,[]
60,6,29,15,92,45,45,71,93,69,90,20,27,58,9,77,18,74,89,75,90,7688,0,7706,0,[]
61,5,28,25,92,46,48,73,91,71,86,18,25,47,12,70,28,78,87,80,87,7743,0,7761,0,[]
62,5,28,37,91,48,48,78,90,69,79,10,22,44,15,62,37,81,83,78,76,7837,0,7874,0,[]
63,2,96,48,90,46,51,80,88,70,79,13,21,46,15,53,44,79,83,78,73,7905,0,8098,0,[]
64,7,30,55,83,47,50,78,90,69,78,15,20,45,16,52,46,80,82,78,73,8015,0,8246,0,[]
65,8,28,55,84,45,51,76,88,2,96,8,16,43,15,52,46,81,84,90,13,8142,0,8384,0,[]
66,8,27,54,84,44,49,75,89,13,94,8,16,38,17,50,48,82,80,82,21,8318,0,8463,0,[]
67,11,28,51,84,47,54,72,87,24,92,15,18,49,25,48,49,82,78,74,28,8428,0,8560,0,[]
68,7,20,51,83,44,54,74,88,27,82,16,16,52,35,50,49,95,4,67,37,8580,0,8714,0,[]
69,8,18,49,79,44,54,75,90,32,74,15,16,53,33,50,52,95,14,66,48,8683,0,8882,0,[]
70,7,22,46,68,41,58,75,90,41,70,14,16,55,30,56,57,94,22,64,59,8842,0,9030,0,[]
71,9,22,46,64,43,56,76,91,47,73,11,16,58,34,53,64,80,84,57,67,8997,0,9121,0,[]
72,10,20,47,66,44,56,75,92,55,75,14,18,64,44,50,65,77,85,53,65,9076,0,9360,0,[]
73,8,22,49,66,48,56,77,92,57,70,13,21,66,56,57,59,78,84,61,63,9250,0,9477,0,[]
74,10,21,42,68,46,52,76,92,65,78,14,21,67,62,54,53,80,86,70,68,9381,0,9647,0,[]
75,8,23,42,77,47,54,73,89,72,87,11,20,67,70,51,48,77,89,78,75,9517,0,9801,0,[]
76,10,23,56,75,47,51,75,92,75,93,12,19,68,67,52,50,80,87,79,84,9582,0,10034,0,[]
77,6,27,56,67,49,52,71,93,69,90,17,22,60,62,52,45,75,89,76,88,9728,0,10089,0,[]
78,7,28,56,59,50,52,69,91,68,88,17,22,65,57,56,47,74,92,75,89,9920,0,10139,0,[]
79,9,25,62,62,51,48,70,89,70,89,90,4,66,55,55,46,74,93,76,90,10064,0,10350,0,[]
80,11,20,58,62,52,55,78,90,77,91,77,5,73,49,58,41,83,90,82,88,10136,0,10422,0,[]
81,12,19,57,73,44,48,77,91,77,88,64,6,82,55,57,43,83,85,83,87,10208,0,10647,0,[]
82,13,19,51,75,34,43,75,90,76,88,51,8,81,66,53,44,80,84,80,87,10368,0,10716,0,[]
83,14,17,49,73,27,37,75,90,78,90,38,10,66,65,52,44,80,84,80,86,10491,0,10805,0,[]
84,14,17,51,75,35,41,75,90,73,87,25,10,67,63,50,49,78,81,79,80,10670,0,10898,0,[]
85,3,94,57,72,44,48,77,87,74,87,23,11,74,60,48,51,69,78,69,80,10756,0,11011,0,[]
86,5,87,59,70,49,51,78,87,72,87,21,13,80,56,51,50,70,79,70,79,10849,0,11125,0,[]
87,5,74,59,72,48,53,78,88,72,83,19,12,80,55,55,50,79,81,80,81,10946,0,11360,0,[]
88,7,61,60,73,49,50,79,89,69,79,19,11,79,52,65,53,82,84,84,86,11125,0,11596,0,[]
89,8,47,58,63,57,56,80,89,77,86,19,11,72,43,54,48,81,82,82,82,11177,0,11707,0,[]
90,9,34,62,62,54,56,78,89,76,86,17,11,71,41,52,49,81,83,78,81,11263,0,11804,0,[]
91,7,22,58,63,51,51,78,90,73,83,14,14,68,40,52,46,77,77,78,78,11491,0,11978,0,[]
92,9,17,46,58,51,52,77,91,80,91,16,14,58,34,53,47,81,84,84,87,11578,0,12111,0,[]
93,12,16,34,59,49,53,76,88,78,91,18,15,47,26,52,46,82,86,83,88,11650,0,12280,0,[]
94,14,21,25,56,49,53,76,87,76,90,14,16,47,24,53,44,81,87,83,89,11757,0,12380,0,[]
95,8,27,22,54,47,55,73,89,77,90,19,25,46,24,51,48,79,85,82,87,12000,0,12568,0,[]
96,6,29,30,50,48,53,72,90,74,92,22,32,42,17,50,47,78,90,83,89,12201,0,12623,0,[]
97,8,27,34,40,50,52,74,92,72,86,20,36,40,17,51,46,79,88,80,86,12386,0,12754,0,[]
98,10,27,43,44,53,47,75,92,76,91,17,22,41,16,55,45,81,84,87,85,12479,0,12866,0,[]
99,10,26,42,36,44,46,76,89,77,90,13,19,42,16,53,48,79,78,85,82,12586,0,13026,0,[]
100,11,25,39,31,44,44,78,89,82,90,13,19,47,26,55,45,82,86,87,85,12658,0,13175,0,[]
101,10,23,35,39,2,96,77,90,75,88,18,13,54,31,52,46,81,88,82,86,12769,0,13258,0,[]
102,19,25,24,37,7,87,77,88,79,91,15,16,53,33,52,47,79,84,83,87,12901,0,13343,0,[]
103,12,22,15,42,16,79,73,87,73,90,20,14,55,31,51,50,80,86,81,88,12994,0,13584,0,[]
104,11,20,14,43,25,72,75,87,72,83,16,17,52,32,54,48,83,86,81,91,13152,0,13892,0,[]
105,10,19,19,44,34,63,78,87,73,74,14,15,42,32,55,48,82,84,80,82,13287,0,14061,0,[]
106,13,18,24,43,42,56,77,90,73,84,16,16,36,38,95,4,80,85,73,75,13505,0,14126,0,[]
107,15,16,26,36,35,49,77,90,75,87,15,17,30,32,92,4,79,84,70,65,13578,0,14240,0,[]
108,12,19,30,34,34,40,76,91,80,90,17,14,28,23,82,9,79,83,60,60,13716,0,14290,0,[]
109,11,18,29,36,33,43,76,90,79,91,18,14,37,25,50,49,81,85,53,57,14003,0,14508,0,[]
110,14,18,24,40,40,50,79,89,82,91,23,11,41,32,47,50,86,86,52,56,14112,0,14594,0,[]
111,16,17,24,46,42,57,80,89,80,89,22,13,34,41,38,50,83,81,44,48,14310,0,14686,0,[]
112,10,20,16,50,40,52,79,89,78,85,17,16,22,48,26,50,84,83,35,43,14407,0,14783,0,[]
113,11,22,10,50,40,51,80,87,79,85,16,18,23,48,17,50,84,81,33,47,14572,0,15018,0,[]
114,8,24,8,48,42,57,82,90,74,84,19,21,32,43,26,46,86,82,38,43,14637,0,15097,0,[]
115,7,26,2,96,44,56,84,89,73,86,19,26,32,43,39,44,85,87,47,50,14702,0,15245,0,[]
116,7,24,14,91,43,55,74,92,74,86,14,21,95,6,47,50,84,83,52,53,14788,0,15380,0,[]
117,8,24,23,84,45,54,74,92,2,96,12,20,89,20,55,54,82,83,59,61,14920,0,15519,0,[]
118,9,26,33,79,46,53,2,96,13,91,11,19,81,31,57,63,79,81,66,69,15035,0,15569,0,[]
119,9,23,41,71,55,55,68,92,25,83,14,19,80,43,57,66,79,81,66,72,15184,0,15722,0,[]
120,7,21,51,66,61,60,71,86,37,74,16,17,76,55,62,61,95,5,68,63,15249,0,15773,0,[]
121,13,18,56,63,60,62,72,76,50,67,27,16,66,61,59,58,92,12,62,59,15321,0,15823,0,[]
122,16,17,57,63,55,65,70,68,57,63,36,25,60,58,58,60,85,20,59,60,15376,0,15878,0,[]
123,16,17,56,56,48,56,61,62,55,56,41,37,55,50,55,55,78,27,55,53,15587,0,15929,0,[]
124,23,12,56,66,42,58,56,61,59,60,46,49,64,58,56,57,70,33,57,55,15668,0,15980,0,[]
125,26,8,56,68,41,58,54,67,58,68,45,46,64,62,55,58,67,43,60,62,15770,0,16060,0,[]
126,25,9,47,65,41,56,62,74,57,69,40,33,75,57,48,52,66,53,69,65,16035,0,16206,0,[]
127,25,9,50,67,44,55,69,82,58,69,33,22,73,62,51,51,69,63,73,70,16329,0,16257,0,[]
128,21,10,59,72,40,55,78,86,67,78,27,12,68,67,61,58,72,67,73,70,16556,0,16321,0,[]
129,23,11,68,78,43,55,82,83,71,77,26,7,67,68,67,64,77,72,79,77,16684,0,16462,0,[]
130,23,11,73,74,51,59,85,84,73,71,26,7,68,68,67,66,82,78,81,79,16749,0,16635,0,[]
131,23,11,66,68,61,63,78,78,65,69,37,5,64,69,67,67,79,74,73,72,16861,0,16684,0,['10:52 SN »÷É±ÁËÍÁÁú']
132,22,13,58,62,54,63,73,75,56,65,72,64,65,64,60,62,69,67,69,67,16915,0,17376,0,[]
133,19,14,56,59,44,55,73,77,63,76,60,60,61,59,57,55,59,63,54,65,17033,0,17431,0,"['11:2 SNMaple(½âÍÑÕß) »÷É±ÁË WEbeishang(ÁÝ¶¬Ö®Å­),»ñµÃÒ»Ñª']"
134,20,11,56,59,44,53,72,78,75,76,49,53,76,57,58,55,69,67,57,68,17141,0,17570,0,[]
135,24,8,56,59,42,54,78,81,81,83,50,47,79,67,94,4,77,74,61,74,17282,0,17647,0,[]
136,17,9,56,59,45,53,80,82,81,91,43,34,82,57,92,5,83,78,73,78,17338,0,17706,0,[]
137,17,9,5,91,44,53,77,87,81,91,35,24,83,56,81,13,85,77,82,79,17393,0,17920,0,[]
138,2,96,10,80,3,96,78,87,6,95,26,15,76,52,74,22,85,80,80,76,17444,0,17998,0,[]
139,4,89,16,69,8,87,76,88,15,94,15,18,74,54,68,33,85,85,81,85,17516,0,18261,0,[]
140,5,75,24,57,16,79,78,88,27,89,14,18,73,54,68,45,84,84,84,88,17588,0,18531,0,[]
141,6,62,22,55,26,71,75,89,28,74,11,19,69,61,63,50,82,86,84,88,17743,0,18642,0,[]
142,7,50,21,48,35,63,73,90,32,60,17,17,73,67,51,50,82,82,95,4,17837,0,18917,0,[]
143,8,37,14,42,43,58,71,89,30,45,17,17,70,65,47,52,77,73,89,14,17907,0,19010,0,[]
144,7,27,15,43,42,55,69,90,35,37,92,4,70,65,47,52,72,70,80,23,18439,0,19133,0,[]
145,15,21,19,46,42,55,77,87,32,42,78,5,85,8,49,43,78,75,70,30,18595,0,19183,0,[]
146,23,22,28,50,42,54,76,87,34,42,66,6,74,16,38,38,82,82,59,33,18720,0,19238,0,[]
147,19,21,33,39,42,44,77,86,34,36,53,8,63,23,32,33,83,83,47,34,18793,0,19331,0,[]
148,26,29,34,29,35,37,82,83,34,29,42,14,53,31,33,30,87,76,39,37,18893,0,19402,0,[]
149,29,39,32,40,33,40,85,78,31,38,30,17,40,34,43,39,90,70,39,41,18944,0,19453,0,[]
150,30,38,36,48,35,47,88,74,35,49,27,9,46,35,50,47,93,70,47,48,19055,0,19679,0,[]
151,23,30,40,57,43,55,85,81,48,55,23,9,51,35,49,49,90,72,41,44,19131,0,19847,0,[]
152,25,37,46,69,40,57,80,84,59,59,18,11,49,35,38,44,85,78,33,37,19273,0,20059,0,[]
153,14,34,46,72,40,56,86,84,63,62,19,17,40,37,39,44,86,77,23,39,19396,0,20166,0,[]
154,6,36,45,71,38,51,88,76,64,60,20,26,33,38,44,44,87,73,20,37,19568,0,20257,0,[]
155,7,27,40,66,37,50,87,82,53,55,26,31,31,30,46,49,90,73,30,39,19684,0,20383,0,[]
156,9,30,40,55,48,52,88,73,42,53,30,33,32,31,49,48,92,71,34,43,19781,0,20473,0,[]
157,16,41,44,50,51,48,86,76,43,47,39,42,32,35,54,45,89,66,41,42,20006,0,20524,0,[]
158,23,50,38,50,49,50,84,79,49,50,35,37,31,35,54,45,88,71,37,42,20150,0,20658,0,[]
159,30,47,33,46,41,51,84,78,36,49,34,38,30,33,50,44,89,70,35,41,20312,0,20709,0,[]
160,31,41,32,41,32,45,85,78,34,41,29,37,30,33,42,42,89,71,34,39,20398,0,20860,0,[]
161,37,42,32,43,33,43,90,76,32,41,34,41,31,35,39,42,94,69,36,38,20453,0,20936,0,[]
162,37,42,32,44,31,44,89,68,32,45,36,42,37,39,39,41,94,59,39,38,20505,0,21496,0,[]
163,35,42,31,53,31,52,91,67,31,52,33,38,40,42,32,45,35,39,32,55,20584,0,21547,0,['13:31 SNWeiwei(Ðé¿Õ¶ÝµØÊÞ) »÷É±ÁË WE957(Î´À´ÊØ»¤Õß)']
164,35,42,30,58,31,55,87,73,30,57,31,40,34,43,31,54,41,38,32,53,20656,0,21598,0,[]
165,35,42,33,61,34,59,88,73,33,59,31,53,32,57,31,54,33,43,32,45,20742,0,22550,0,[]
166,35,42,34,63,38,64,89,72,35,66,35,64,33,60,35,62,31,45,32,45,20957,0,22686,0,"['13:46 SNWeiwei(Ðé¿Õ¶ÝµØÊÞ) »÷É±ÁË WEbeishang(ÁÝ¶¬Ö®Å­)', '13:49 SNWeiwei(Ðé¿Õ¶ÝµØÊÞ) »÷É±ÁË WExiye(µ¶·æÎèÕß)']"
167,35,42,34,63,38,64,91,73,26,65,31,53,33,49,45,67,31,45,94,5,21009,0,22807,0,[]
168,35,42,34,63,38,64,88,81,26,65,32,42,33,43,50,66,92,7,93,7,21060,0,22867,0,[]
169,3,94,34,63,38,64,81,91,2,96,27,33,41,30,45,57,94,10,92,12,21111,0,22960,0,[]
170,8,83,34,63,38,64,81,91,7,94,27,21,43,24,42,45,93,22,89,24,21162,0,23013,0,[]
171,15,73,6,95,38,64,5,95,17,84,25,11,43,24,42,45,92,34,86,35,21217,0,23236,0,[]
172,16,63,19,95,38,64,5,92,25,72,23,12,42,17,94,4,90,45,80,44,21269,0,23310,0,[]
173,15,51,31,93,10,95,5,83,34,60,25,11,41,16,82,10,89,57,76,55,21320,0,23461,0,[]
174,10,40,43,91,22,94,12,75,45,51,95,4,40,17,75,20,88,69,69,63,21371,0,23562,0,[]
175,8,28,53,86,34,93,24,71,47,50,87,5,42,17,68,30,85,79,64,70,21462,0,23626,0,[]
176,15,21,55,82,46,92,34,63,46,50,72,6,93,7,59,38,85,81,73,73,21703,0,23723,0,[]
177,12,18,55,84,58,91,45,55,48,52,59,6,86,25,52,47,82,83,67,82,21958,0,23923,0,[]
178,11,27,60,85,62,87,49,52,49,51,46,7,81,38,54,46,75,87,69,79,22205,0,24103,0,[]
179,16,34,62,83,67,90,49,49,56,59,33,9,79,51,58,46,73,86,72,78,22374,0,24180,0,[]
180,22,43,64,82,71,89,48,53,62,63,27,8,83,57,54,47,73,78,75,75,22587,0,24427,0,[]
181,21,47,51,83,74,92,50,52,57,67,19,15,81,66,51,46,78,85,75,74,22699,0,24606,0,[]
182,19,47,54,76,68,90,49,52,62,75,17,15,67,62,54,46,79,86,79,85,22912,0,24805,0,[]
183,15,39,65,79,67,91,51,60,69,79,21,23,66,66,64,53,79,87,85,86,23084,0,24856,0,[]
184,9,31,59,75,72,90,49,60,67,83,26,35,67,68,66,61,78,81,79,81,23212,0,24908,0,[]
185,9,27,52,67,67,88,45,52,59,73,24,33,61,60,60,57,75,78,78,79,23263,0,24959,0,[]
186,12,22,47,65,68,88,45,51,60,62,24,33,54,54,51,53,77,87,78,83,23422,0,25435,0,[]
187,16,19,48,65,68,88,42,53,60,62,25,28,65,58,53,52,78,87,77,87,23602,0,25732,0,[]
188,17,16,57,68,70,90,39,58,55,66,26,17,60,58,54,58,77,80,75,76,23772,0,25782,0,[]
189,16,17,57,68,74,90,45,58,56,67,18,14,55,44,52,56,71,70,67,66,24053,0,25918,0,[]
190,11,28,52,63,69,90,49,51,50,61,17,14,53,46,49,52,66,61,58,59,24104,0,26000,0,[]
191,18,34,44,55,69,90,44,54,47,53,20,21,48,46,52,51,55,56,51,53,24159,0,26245,0,[]
192,21,45,42,56,7,92,43,56,41,53,24,27,42,44,46,49,51,52,47,49,24211,0,26346,0,[]
193,28,52,42,58,18,85,40,57,39,53,32,38,44,49,48,58,46,51,44,52,24354,0,26397,0,[]
194,31,54,41,57,26,76,39,58,40,57,42,44,55,57,53,56,50,52,51,54,24508,0,26449,0,[]
195,30,46,32,59,37,76,44,53,42,56,41,34,67,66,63,63,55,57,57,64,24605,0,26500,0,[]
196,28,37,24,57,49,81,42,54,40,61,49,35,65,71,68,68,50,52,55,59,24744,0,26553,0,[]
197,20,27,20,51,61,86,40,54,40,61,48,35,66,70,75,74,48,50,48,55,24824,0,26796,0,[]
198,16,17,16,43,63,84,41,56,8,95,49,34,67,63,80,84,48,52,49,55,24875,0,27138,0,['16:27 SN »÷É±ÁËË®Áú']
199,17,16,15,42,62,85,42,55,23,93,40,29,73,54,81,83,50,51,52,53,25092,0,27253,0,[]
200,17,14,18,33,71,90,40,55,38,91,35,13,74,66,81,84,55,57,58,62,25427,0,27431,0,[]
201,17,9,23,24,63,88,43,55,52,90,27,9,69,78,73,87,56,68,56,74,25552,0,27535,0,[]
202,22,11,30,19,72,93,42,59,63,87,26,9,69,86,72,91,51,80,50,80,25618,0,27655,0,[]
203,24,13,30,19,73,89,69,91,72,83,27,7,72,84,80,86,62,85,62,85,25799,0,27720,0,[]
204,21,12,32,21,71,92,71,90,69,91,29,8,72,77,76,88,71,86,71,85,25850,0,27855,0,[]
205,21,12,39,31,67,89,67,93,66,89,40,7,73,71,75,88,74,87,74,86,25985,0,27970,0,[]
206,20,13,43,42,66,90,55,91,63,87,45,13,60,61,69,84,73,88,72,87,26124,0,28044,0,[]
207,25,10,50,46,65,92,53,92,65,91,33,10,58,48,70,85,74,92,74,88,26178,0,28123,0,[]
208,23,12,43,43,65,93,3,96,66,93,25,9,53,48,71,87,73,92,71,91,26229,0,28900,1,"['17:20 SNSmlz(ÄæÓð) »÷ÆÆÁË·ÀÓùËþ,»ñµÃÒ»Ëþ']"
209,25,16,46,51,59,92,3,96,59,90,40,6,52,49,67,79,67,90,67,91,26280,0,28972,1,[]
210,22,12,44,54,57,93,5,94,55,86,27,8,50,50,60,72,64,89,62,86,26331,0,29172,1,[]
211,15,18,42,56,56,93,4,95,55,88,19,13,50,51,52,63,66,89,63,87,26471,0,29524,1,[]
212,13,18,38,57,61,90,9,85,60,83,17,13,41,53,43,57,69,82,65,82,26631,0,29696,1,[]
213,14,20,35,62,62,89,18,77,57,84,16,14,44,57,41,57,60,76,63,78,26863,0,30234,2,['17:44 SN »÷ÆÆÁË·ÀÓùËþ']
214,12,21,35,60,62,91,28,68,55,85,18,14,55,67,51,63,55,77,52,76,26991,0,30301,2,[]
215,10,30,34,60,58,91,36,61,55,85,17,16,53,76,44,57,54,77,50,76,27132,0,30563,2,[]
216,8,26,43,68,53,84,38,64,55,83,18,16,54,77,49,58,55,75,57,73,27217,0,30714,2,[]
217,12,20,50,76,53,84,37,58,51,88,17,16,65,68,60,60,56,65,56,67,27386,0,30786,2,[]
218,10,20,46,69,44,79,39,59,58,90,17,15,67,63,72,53,55,54,56,67,27479,0,31005,2,[]
219,9,22,43,69,47,81,39,62,58,90,16,19,77,56,75,57,51,46,90,7,27647,0,31094,2,[]
220,8,23,43,68,59,85,40,65,6,93,27,21,83,56,76,58,55,44,78,12,27805,0,31251,2,[]
221,10,26,43,68,70,88,44,54,13,82,27,21,83,58,77,70,50,49,71,23,27874,0,31389,2,[]
222,10,26,2,96,85,84,43,52,24,72,93,4,79,72,79,75,51,49,65,34,27923,0,31608,2,[]
223,4,89,14,89,88,83,44,53,36,65,80,5,81,77,85,77,54,50,67,44,28066,0,31675,2,[]
224,6,76,22,80,87,80,42,55,42,54,67,7,79,75,89,73,58,49,61,50,28463,0,31725,2,[]
225,7,62,30,70,86,84,47,59,47,52,54,8,95,4,89,74,58,49,54,46,28526,0,31983,2,[]
226,8,49,38,60,77,88,49,50,59,61,39,10,88,18,89,68,89,6,53,44,28585,0,32034,2,[]
227,10,32,33,47,77,88,48,51,61,61,26,12,79,32,89,68,80,15,57,41,28692,0,32085,2,[]
228,12,20,33,37,8,93,51,48,57,56,17,16,72,41,94,6,72,25,51,42,28904,0,32168,2,[]
229,15,18,25,28,16,83,40,51,50,50,15,15,67,40,92,20,65,35,53,42,28955,0,32401,2,[]
230,22,12,28,18,24,73,32,43,43,43,24,7,56,33,92,32,57,42,52,42,29078,0,32529,2,[]
231,14,18,22,24,32,63,25,32,38,41,26,14,45,24,90,44,50,41,46,39,29165,0,32581,2,[]
232,20,19,23,23,39,54,20,24,29,36,21,10,40,34,90,56,48,49,42,38,29216,0,32769,2,[]
233,25,22,26,24,38,59,27,23,33,39,22,10,37,41,89,68,46,52,39,37,29297,0,32952,2,[]
234,20,26,29,35,42,57,28,34,34,39,26,16,42,39,84,79,50,52,40,44,29421,0,33123,2,[]
235,23,22,31,37,43,56,32,44,32,44,28,20,48,27,81,84,48,40,46,44,29493,0,33400,2,[]
236,23,23,22,28,39,64,38,51,41,51,21,14,51,27,74,87,51,30,42,44,29660,0,33551,2,[]
237,12,19,19,25,44,70,38,59,49,51,18,12,51,35,65,79,48,35,35,39,29753,0,33784,2,[]
238,11,19,19,25,49,81,39,58,49,58,15,15,41,38,66,67,48,40,40,41,30047,0,33939,2,[]
239,13,22,19,26,50,90,41,58,49,58,20,16,32,34,57,62,46,51,41,45,30161,0,34124,2,[]
240,11,28,15,36,53,89,34,60,7,88,18,17,28,21,52,65,45,51,44,51,30302,0,34234,2,[]
241,8,27,16,43,58,85,37,59,19,76,14,18,19,25,47,56,36,42,37,43,30441,0,34390,2,[]
242,7,27,18,46,69,84,35,61,31,66,12,23,20,29,45,53,26,37,27,35,30699,0,34442,2,[]
243,5,43,24,56,73,89,31,62,33,59,8,31,9,34,44,53,7,40,7,40,30801,0,34492,2,[]
244,14,49,22,55,68,80,37,59,31,47,7,30,7,31,47,53,8,35,9,34,30936,0,35045,2,[]
245,10,48,23,48,59,74,45,52,35,39,8,35,12,34,51,50,13,35,20,36,31053,0,35189,3,['20:23 SNSmlz(ÄæÓð) »÷ÆÆÁË·ÀÓùËþ']
246,10,49,21,53,56,67,45,52,37,41,9,42,19,44,46,51,21,40,21,48,31179,0,35451,3,[]
247,12,49,31,59,54,55,49,49,49,49,9,36,23,47,49,49,23,44,31,49,31799,0,35604,3,[]
248,16,50,32,50,43,44,46,46,45,43,20,33,25,39,49,49,26,36,34,38,31880,0,35780,3,['20:36 WEMystic(ÐÉºìÊÕ¸îÕß) »÷É±ÁË SNMaple(½âÍÑÕß)']
249,20,44,32,40,36,37,41,42,40,39,27,24,26,30,49,49,26,30,26,30,31931,0,35833,3,[]
250,9,50,37,48,47,33,51,48,46,36,39,24,32,23,49,49,31,22,32,23,32066,0,35884,3,[]
251,7,50,41,51,53,46,52,47,51,46,51,27,42,32,49,49,40,29,41,31,32380,0,35934,3,[]
252,9,43,41,51,48,54,48,53,57,55,59,36,51,31,49,49,49,32,49,39,32432,0,36070,3,[]
253,8,30,18,89,50,59,40,62,57,55,56,44,55,44,49,49,59,37,56,44,32504,0,36205,3,[]
254,11,22,30,81,50,59,40,62,3,96,49,39,60,51,49,49,55,49,54,51,32639,0,36257,3,[]
255,10,22,39,72,10,84,3,96,18,86,40,30,59,51,49,49,46,52,47,52,32690,0,36308,3,[]
256,10,22,46,64,22,74,18,86,29,74,31,20,56,49,92,8,46,53,47,52,32857,0,36401,3,[]
257,5,90,49,66,32,66,27,74,39,63,25,10,52,54,83,24,46,52,45,54,32909,0,36759,3,[]
258,16,79,57,69,43,59,36,64,43,57,19,16,65,57,81,36,51,55,55,55,33115,0,36810,3,[]
259,27,70,57,69,44,56,43,55,50,55,12,21,66,70,80,48,62,61,65,63,33256,0,36947,3,[]
260,40,67,61,62,56,61,55,62,60,59,12,21,70,66,75,59,71,66,70,63,33327,0,37088,3,[]
261,53,66,64,63,61,63,60,61,65,61,7,17,68,70,71,63,71,68,72,66,33382,0,37138,3,[]
262,58,63,64,64,66,59,61,62,63,62,7,17,67,71,70,64,71,68,71,66,33434,0,37291,3,[]
263,54,63,57,62,59,56,54,58,57,61,95,4,62,69,64,60,69,63,67,63,33485,0,37402,3,['21:51 SN »÷É±ÁËÍÁÁú']
264,48,54,49,55,56,56,49,49,48,56,84,11,70,64,71,67,64,53,65,58,33620,0,37454,3,[]
265,55,52,62,52,65,58,58,46,59,56,73,24,78,50,75,69,66,44,68,51,33667,0,37536,3,[]
266,56,46,59,47,61,51,57,46,63,60,65,34,71,50,71,62,62,42,63,51,33732,0,37601,3,[]
267,54,52,60,51,64,51,55,49,56,54,59,45,65,51,67,54,59,45,63,51,33784,0,38102,3,[]
268,48,51,49,52,63,51,50,50,49,51,56,47,62,52,59,50,58,47,58,50,33837,0,38227,3,['22:18 SNMaple(½âÍÑÕß) »÷É±ÁË WExiye(µ¶·æÎèÕß)']
269,35,58,39,58,63,51,41,60,37,43,45,51,58,50,47,52,48,49,47,49,33887,0,38493,3,[]
270,22,54,31,54,63,51,42,54,31,40,43,47,43,43,43,47,43,44,42,46,33990,0,38554,3,[]
271,28,50,31,51,63,51,44,53,24,44,35,38,32,32,31,39,33,36,33,40,34181,0,38634,3,[]
272,31,52,31,51,63,51,42,54,27,50,46,36,33,32,33,32,44,38,46,36,34253,0,38737,3,[]
273,40,52,20,49,63,51,46,55,27,50,53,36,95,4,41,19,50,41,48,35,34304,0,38860,3,[]
274,45,52,15,43,63,51,49,51,5,93,59,35,81,13,43,15,54,46,95,4,34355,0,39002,3,[]
275,51,64,18,47,63,51,46,53,17,78,69,40,75,28,40,16,52,44,93,5,34513,0,39129,3,[]
276,48,75,24,56,63,51,48,53,29,68,75,45,76,46,39,14,51,47,96,4,34643,0,39238,3,[]
277,56,84,25,58,5,79,44,52,40,58,76,45,81,56,39,14,49,48,85,8,34930,0,39386,3,[]
278,66,91,31,52,6,64,45,51,51,53,68,53,81,55,81,11,53,45,75,20,35086,0,39553,3,[]
279,66,91,31,52,8,51,46,54,48,47,67,61,69,64,72,22,56,48,66,29,35351,0,39732,3,[]
280,63,86,6,94,10,48,40,50,43,51,77,73,63,58,68,34,53,48,57,39,35465,0,39843,3,[]
281,59,84,20,81,11,46,40,53,32,46,81,85,73,53,68,46,49,49,50,47,35520,0,40089,3,[]
282,56,84,29,71,14,35,45,54,31,32,80,89,75,55,72,53,50,48,49,48,35697,0,40451,3,[]
283,56,84,31,58,11,27,45,52,24,43,80,88,61,58,58,50,46,40,48,46,35816,0,40608,3,[]
284,62,88,35,49,13,17,42,58,34,43,84,86,50,50,47,52,48,41,44,55,36173,0,40750,3,[]
285,64,91,40,54,15,21,38,59,39,49,87,80,43,45,42,43,95,4,44,46,36347,0,40831,3,[]
286,66,91,44,50,21,31,45,55,45,49,82,78,41,33,40,32,81,13,53,45,36790,0,40882,3,[]
287,66,91,39,43,30,40,47,52,43,37,77,77,39,27,35,21,71,24,53,43,36901,1,40928,3,['23:52 WE »÷ÆÆÁË·ÀÓùËþ']
288,66,91,32,33,32,34,49,50,39,28,74,88,31,22,32,9,64,34,44,38,37049,1,41100,3,[]
289,17,94,33,39,32,41,39,55,33,38,72,88,39,27,29,12,58,42,43,37,37104,1,41284,3,[]
290,33,93,36,50,32,45,36,57,31,51,71,84,44,39,23,11,51,45,43,44,37210,1,41351,3,[]
291,47,92,40,55,34,49,2,96,38,51,62,75,45,40,29,18,46,46,44,47,37316,1,41401,3,[]
292,53,93,45,64,33,59,12,90,37,60,57,66,45,40,37,26,44,54,41,51,37535,1,41494,3,[]
293,51,84,45,72,36,60,24,78,40,65,66,64,84,9,43,37,43,53,41,53,37585,1,41797,3,[]
294,53,77,47,73,39,65,32,67,40,65,77,75,68,18,37,43,43,51,31,50,37736,1,41863,3,[]
295,53,76,40,66,43,56,41,57,7,89,82,85,56,24,27,37,42,41,31,48,37982,1,42005,3,[]
296,62,84,37,58,42,56,42,57,20,75,80,88,40,25,34,38,49,32,31,35,38035,1,42190,3,[]
297,69,89,35,48,38,51,37,50,30,64,76,77,31,29,41,35,52,27,32,29,38152,1,42340,3,[]
298,71,89,33,50,30,51,38,51,31,52,77,78,34,29,42,39,57,33,34,38,38395,1,42453,3,[]
299,68,79,36,49,32,50,39,53,32,49,72,69,31,39,37,43,54,42,35,42,38456,1,42555,3,[]
300,70,82,40,57,34,59,42,55,30,44,77,73,41,41,46,47,50,49,36,42,38507,1,42692,3,[]
301,80,84,42,56,44,57,46,54,34,47,84,79,32,36,43,47,44,43,35,42,38713,1,42742,3,[]
302,80,83,40,50,44,55,42,54,36,48,86,79,41,33,41,37,43,42,43,44,38824,1,42793,3,[]
303,78,78,33,46,40,51,39,53,33,48,89,76,33,32,34,37,32,38,31,40,38875,1,42990,3,[]
304,69,68,35,47,45,49,45,47,36,48,88,71,36,36,38,37,36,37,35,43,38926,1,43041,3,[]
305,58,59,37,43,46,49,45,50,36,42,87,69,45,40,49,43,43,43,41,44,38978,1,43093,3,[]
306,46,49,42,42,46,45,44,42,44,42,95,4,44,42,45,38,42,36,41,37,39031,1,43158,3,[]
307,45,54,44,50,41,53,41,56,44,47,50,47,41,44,46,48,43,41,44,44,39135,1,43266,3,[]
308,38,61,36,58,35,61,32,67,31,51,37,57,35,43,40,54,45,51,40,54,39184,1,43729,3,[]
309,32,67,33,62,31,64,23,74,25,60,32,65,30,57,32,63,37,61,34,64,39235,1,43797,3,['25:42 SNMaple(½âÍÑÕß) »÷É±ÁË WEbeishang(ÁÝ¶¬Ö®Å­)']
310,27,76,33,62,24,65,23,74,31,64,31,68,32,61,29,69,32,68,31,66,39284,1,44530,3,['25:49 SNSmlz(ÄæÓð) »÷É±ÁË WEMissing(»Ãôá)']
311,23,73,33,62,16,74,12,82,31,64,33,64,32,65,31,66,33,63,32,67,39340,1,45138,4,['25:54 SNBiubiu(»ÄÄ®ÍÀ·ò) »÷ÆÆÁË·ÀÓùËþ']
312,18,77,33,62,9,85,4,94,31,64,27,73,24,73,23,73,26,72,25,75,39484,1,45490,4,[]
313,17,80,33,62,3,95,5,93,31,64,27,73,25,71,26,70,26,72,28,69,39531,1,45536,5,['26:3 SNBiubiu(»ÄÄ®ÍÀ·ò) »÷ÆÆÁË·ÀÓùËþ']
314,8,86,33,62,17,86,15,79,31,64,32,61,30,57,31,59,34,31,34,31,39642,1,45619,5,[]
315,5,92,33,62,22,75,25,71,31,64,31,48,32,44,30,48,34,32,33,31,39793,1,45737,5,[]
316,16,76,3,95,30,64,32,59,31,64,33,38,33,37,24,42,34,32,33,32,39846,1,45820,5,[]
317,18,60,12,77,32,52,32,46,4,93,31,31,32,31,30,40,33,32,31,31,39902,1,47413,5,[]
318,22,51,17,64,30,60,31,51,16,78,30,36,36,29,32,38,29,33,26,30,40012,1,47590,5,['26:29 SN »÷É±ÁË´óÁú']
319,22,48,20,52,41,58,26,59,30,68,41,36,48,21,29,34,27,31,95,4,40319,1,47655,5,[]
320,15,37,29,60,39,62,29,60,44,54,52,37,43,15,38,28,89,8,92,7,40391,1,47898,5,[]
321,9,28,40,67,39,63,42,58,54,61,53,33,43,16,95,4,77,20,87,16,40507,1,48031,5,[]
322,9,30,50,75,2,96,52,48,57,69,94,6,42,16,95,4,68,30,77,25,40651,1,48083,5,[]
323,12,34,55,82,16,85,52,47,70,76,81,22,94,6,87,6,59,39,68,34,40712,1,48204,5,[]
324,15,42,57,82,17,70,42,56,59,76,70,31,85,24,69,7,56,42,58,42,40959,1,48505,5,[]
325,22,46,54,82,18,57,38,61,44,70,69,40,74,38,56,8,56,49,57,49,41050,1,48587,5,[]
326,20,51,46,79,22,47,41,66,43,69,75,44,66,51,43,9,57,56,56,56,41315,1,48707,5,[]
327,20,51,39,71,18,52,39,72,41,71,73,48,65,63,31,10,64,62,57,65,41389,1,49007,5,[]
328,6,95,41,71,21,65,31,69,41,71,65,57,66,72,21,10,67,67,57,68,41594,1,49188,5,[]
329,25,93,32,71,34,66,30,70,2,96,70,67,58,75,13,11,63,64,55,76,41645,1,49238,5,['27:23 SN »÷É±ÁË·çÁú']
330,40,93,35,82,33,69,32,77,21,90,70,79,57,73,11,18,51,63,57,72,41814,1,49289,5,[]
331,48,90,41,86,33,66,36,86,38,88,59,85,49,61,11,18,42,58,49,60,41895,1,49668,5,[]
332,41,86,46,79,28,69,38,75,44,79,60,86,45,64,11,27,41,58,38,59,41948,1,49763,5,[]
333,44,90,46,79,28,71,38,76,44,79,58,88,42,67,12,36,39,63,40,66,42091,1,49816,5,[]
334,44,91,47,78,30,70,38,76,44,79,55,89,41,64,9,49,34,63,38,66,42175,1,50238,5,[]
335,50,91,44,69,27,70,33,73,42,68,54,87,39,61,9,49,34,62,35,64,42394,1,50293,5,[]
336,52,91,38,74,23,67,32,67,36,67,61,87,42,57,8,54,39,59,47,59,42554,1,50959,5,[]
337,46,94,31,69,15,69,31,68,29,68,57,91,38,61,11,54,51,64,47,69,42664,1,51026,6,['28:2 SN »÷ÆÆÁË·ÀÓùËþ']
338,43,92,33,73,6,71,34,66,35,64,56,91,42,59,10,60,46,71,44,70,42822,1,51258,6,[]
339,41,91,35,79,9,64,29,72,36,75,49,91,36,62,11,50,50,82,50,81,43053,1,51309,6,[]
340,37,93,38,90,6,61,35,83,34,78,47,90,37,62,20,49,48,91,47,88,43167,1,52225,7,['28:20 SNSmlz(ÄæÓð) »÷ÆÆÁË·ÀÓùËþ']
341,39,92,34,90,7,61,36,85,36,80,44,93,36,62,18,49,46,93,45,90,43330,1,52471,7,[]
342,35,94,32,90,10,70,33,89,33,90,42,94,36,63,8,53,41,90,43,90,43466,1,52718,7,[]
343,37,94,32,89,8,83,35,90,38,91,44,89,33,73,10,51,46,91,46,91,43660,1,52771,7,[]
344,34,91,24,80,5,94,29,84,35,87,40,84,26,73,9,47,46,92,45,90,43711,1,52852,7,[]
345,33,89,22,74,18,83,22,75,27,76,40,86,29,68,9,45,42,91,42,91,43986,1,52965,7,[]
346,32,93,25,75,21,73,23,79,27,77,40,86,33,65,7,56,40,91,42,91,44038,1,53398,7,[]
347,29,92,29,86,25,81,14,89,31,82,37,90,29,67,11,59,35,92,37,94,44090,1,53604,7,[]
348,24,95,29,93,17,77,8,95,28,87,33,92,33,76,11,62,29,95,32,95,44144,1,53656,7,[]
349,28,95,30,93,26,85,27,93,32,93,31,94,34,90,8,68,37,94,34,94,44223,1,53707,7,[]
350,27,94,30,92,29,90,30,94,25,94,38,90,34,85,35,93,40,92,40,91,44324,1,53758,7,[]
351,25,93,18,91,23,85,33,91,10,95,32,77,22,75,33,80,39,85,39,85,44466,1,53851,7,[]
352,11,95,5,95,17,78,21,84,6,89,20,73,22,76,24,72,9,67,9,67,44518,1,54502,7,[]
353,7,89,14,81,22,80,20,80,19,75,18,70,24,71,18,69,9,70,9,68,44662,1,54555,8,['29:21 SNSmlz(ÄæÓð) »÷ÆÆÁË·ÀÓùËþ']
354,8,78,16,77,19,79,14,78,13,76,11,70,21,71,14,70,9,71,9,70,44714,1,54606,8,[]
355,12,79,10,77,15,79,12,78,14,77,17,71,22,72,15,71,9,71,10,69,44847,1,54651,8,[]
356,16,83,14,80,18,85,14,78,20,84,24,77,23,77,19,76,19,66,21,67,44902,1,54707,8,[]
357,13,87,17,78,6,94,18,79,12,90,28,81,35,84,26,81,23,73,29,73,45040,1,54845,8,[]
358,4,95,17,79,12,92,20,80,7,95,27,80,40,91,22,75,33,80,35,85,45127,1,55139,8,[]
359,20,88,17,82,27,92,25,87,26,88,30,84,36,94,19,75,36,92,35,90,45212,1,55227,8,[]
360,28,95,17,80,26,90,29,89,30,86,34,81,35,94,26,79,34,91,36,90,45475,1,55280,8,[]
361,26,92,19,80,22,86,28,86,28,85,35,80,36,89,27,77,39,89,35,87,45718,1,55331,8,[]
362,29,94,18,77,19,78,27,85,29,85,40,72,43,88,29,74,42,84,43,83,45841,1,55423,8,[]
363,33,93,17,76,18,75,37,90,34,88,46,64,43,92,29,71,48,77,45,79,45930,1,55697,8,[]
364,35,89,26,84,24,85,40,90,38,89,40,72,43,92,26,72,43,83,41,83,46023,1,55867,8,[]
365,34,94,31,90,27,88,37,94,34,92,35,82,46,94,27,72,43,90,43,88,46074,1,56097,8,[]
366,32,90,38,91,32,90,36,94,39,89,40,88,41,94,26,78,41,90,42,89,46309,1,56148,8,[]
367,39,91,42,90,41,85,49,93,42,89,44,94,47,92,36,87,49,89,41,86,47550,1,56730,8,[]
368,31,95,46,91,47,91,49,92,42,92,40,94,51,89,35,92,47,90,40,87,48373,1,57271,8,"['30:36 WEbeishang(ÁÝ¶¬Ö®Å­) »÷É±ÁË SNSwordArt(ºÓÁ÷Ö®Íõ)', '30:37 SNBiubiu(»ÄÄ®ÍÀ·ò) »÷É±ÁË WEMissing(»Ãôá)', '30:37 WEMystic(ÐÉºìÊÕ¸îÕß) »÷É±ÁË SNSmlz(ÄæÓð)']"
369,27,95,35,91,38,89,38,90,42,92,32,85,51,86,21,94,47,90,40,87,48424,1,57323,8,"['30:41 WExiye(µ¶·æÎèÕß) »÷É±ÁË SNWeiwei(Ðé¿Õ¶ÝµØÊÞ)', '30:42 SNMaple(½âÍÑÕß) »÷É±ÁË WE957(Î´À´ÊØ»¤Õß)']"
370,27,95,24,88,25,88,28,87,42,92,23,78,51,86,16,82,47,90,40,87,48475,1,57375,8,[]
371,27,95,13,82,12,79,15,85,42,92,28,66,51,86,11,72,47,90,40,87,48662,1,57427,8,[]
372,27,95,8,81,12,79,11,82,42,92,25,56,51,86,11,59,47,90,40,87,48929,1,57478,8,[]
373,27,95,5,89,14,79,9,85,42,92,24,55,51,86,13,44,47,90,40,87,48981,1,57628,8,[]
374,27,95,4,95,21,75,3,97,42,92,30,49,51,86,15,40,47,90,40,87,49074,1,57766,8,[]
375,27,95,20,88,21,75,8,82,42,92,30,49,51,86,15,37,47,90,40,87,49153,1,57819,8,[]
376,27,95,34,91,19,75,8,65,2,96,95,4,51,86,15,36,47,90,94,3,49354,1,57871,8,[]
377,27,95,39,92,9,85,6,52,13,79,79,14,51,86,95,4,47,90,79,16,49628,1,57921,8,[]
378,27,95,35,85,4,93,6,51,19,65,65,21,93,8,80,9,85,5,68,27,49775,1,57972,8,[]
379,27,95,33,74,13,81,6,43,26,51,55,31,81,25,70,19,67,8,56,32,49842,1,58069,8,[]
380,17,90,32,65,24,72,6,34,29,46,51,35,73,44,68,33,53,11,43,33,49962,1,58215,8,[]
381,31,87,36,60,33,64,6,35,27,35,38,39,67,40,69,47,45,15,38,38,50336,1,58515,8,[]
382,41,84,36,59,40,59,5,39,23,46,31,33,54,44,75,56,48,17,35,40,50393,1,58766,8,[]
383,51,85,45,66,36,61,5,39,21,48,31,40,47,51,75,61,47,22,30,43,50449,1,59053,8,[]
384,55,85,44,70,38,62,15,85,3,96,27,36,45,53,69,64,41,32,32,41,50581,1,59319,8,[]
385,63,87,36,62,37,62,27,74,16,78,20,27,37,43,57,64,33,42,31,47,50737,1,59371,8,[]
386,71,87,38,60,41,60,35,64,29,69,17,14,28,38,53,57,25,38,34,43,50921,1,59516,8,[]
387,57,89,39,52,36,58,42,55,39,59,12,25,23,46,47,48,23,43,29,45,50975,1,59667,8,[]
388,49,79,37,48,32,56,45,51,35,49,10,39,31,37,39,40,30,38,33,42,51091,1,59778,8,[]
389,41,67,45,48,37,50,47,54,44,49,9,47,40,41,50,44,40,40,43,43,51143,1,59934,8,[]
390,29,71,48,52,44,50,48,52,47,49,9,46,48,42,53,45,40,42,43,42,51418,1,60166,8,[]
391,15,74,42,51,47,52,47,54,47,52,18,50,52,43,53,45,45,38,43,42,51471,1,60371,8,[]
392,7,67,35,48,38,51,38,50,36,49,24,40,38,37,48,42,33,38,38,42,51719,1,60438,8,[]
393,14,64,33,49,40,51,44,51,34,46,30,39,32,32,36,38,32,34,34,42,51770,1,60488,8,[]
394,18,55,34,43,34,47,42,46,32,42,41,40,35,36,39,38,36,36,41,44,51822,1,60540,8,[]
395,31,50,31,51,36,48,44,46,35,47,42,45,33,47,33,43,33,40,44,47,52343,1,61162,8,[]
396,32,56,31,55,31,54,42,56,43,53,44,52,30,53,34,49,34,43,44,50,52396,1,61255,8,"['32:56 SNWeiwei(Ðé¿Õ¶ÝµØÊÞ) »÷É±ÁË WEbeishang(ÁÝ¶¬Ö®Å­)', '32:57 WE957(Î´À´ÊØ»¤Õß) »÷É±ÁË SNWeiwei(Ðé¿Õ¶ÝµØÊÞ)']"
397,42,58,31,55,38,59,50,59,48,60,48,59,30,53,33,49,38,51,46,53,52469,1,61817,8,['33:5 SNBiubiu(»ÄÄ®ÍÀ·ò) »÷É±ÁË WEMissing(»Ãôá)']
398,39,64,31,55,40,65,53,64,48,60,50,60,30,53,39,59,39,58,50,59,52530,1,61868,8,[]
399,39,74,31,55,51,67,51,65,48,60,42,56,30,53,44,67,41,60,40,60,52592,1,61919,8,[]
400,31,80,31,55,58,74,57,74,48,60,10,84,30,53,54,68,12,84,12,84,52643,1,62512,9,['33:20 SNBiubiu(»ÄÄ®ÍÀ·ò) »÷ÆÆÁË·ÀÓùËþ']
401,20,88,31,55,56,80,55,76,48,60,13,88,30,53,55,77,12,84,14,87,52694,1,62565,10,['33:23 SNSmlz(ÄæÓð) »÷ÆÆÁË·ÀÓùËþ']
402,18,92,31,55,53,76,53,77,48,60,17,92,30,53,52,77,8,87,16,90,53518,1,63086,10,"['33:29 SNBiubiu(»ÄÄ®ÍÀ·ò) »÷É±ÁË WE957(Î´À´ÊØ»¤Õß)', '33:30 WEMystic(ÐÉºìÊÕ¸îÕß) »÷É±ÁË SNMaple(½âÍÑÕß)']"
403,18,92,31,55,45,80,47,78,48,60,12,88,30,53,52,77,8,87,10,92,53565,1,63182,10,[]
404,18,92,,0,,0,,0,48,60,12,88,30,53,52,77,,0,10,92,53565,1,63182,10,[]
405,18,92,,0,,0,,0,48,60,12,88,30,53,52,77,,0,10,92,53565,1,63182,10,['33:45 SN »ñÊ¤']
