,IGTheShy, ,IGNing, ,IGRookie, ,IGJackeyLove, ,IGBaolan, ,WEPoss, ,WEbeishang, ,WExiye, ,WEJiumeng, ,WEMissing, ,blue_economics,blue_towers,red_economics,red_towers,captions
0,3,96,4,98,2,99,0,97,2,95,94,5,96,5,95,2,97,3,93,3,0,0,0,0,[]
1,3,95,4,97,2,98,1,97,2,95,94,5,95,5,94,2,97,3,93,3,0,0,0,0,[]
2,4,95,4,96,4,95,5,96,4,95,93,4,93,5,93,5,94,6,94,5,0,0,0,0,[]
3,4,95,4,96,5,95,5,97,4,95,92,4,93,5,93,6,94,6,94,6,0,0,0,0,[]
4,13,74,17,77,21,81,27,94,21,82,69,7,73,17,75,19,84,26,80,23,0,0,0,0,[]
5,18,53,32,61,35,63,48,88,37,65,46,11,55,30,61,37,80,48,66,41,0,0,0,0,[]
6,23,34,34,42,45,53,68,82,51,65,29,21,44,34,51,48,74,65,64,58,0,0,0,0,[]
7,20,28,36,39,45,53,69,78,51,66,29,22,44,35,51,47,73,64,64,57,0,0,0,0,[]
8,29,33,35,38,45,53,68,79,51,64,28,22,45,36,53,48,72,63,95,5,0,0,0,0,[]
9,37,36,42,36,47,50,68,79,50,60,29,21,47,34,54,47,73,64,91,16,0,0,0,0,[]
10,41,35,43,36,45,44,69,79,50,60,35,24,48,34,55,43,73,64,83,23,0,0,0,0,[]
11,35,39,34,43,42,41,68,78,50,61,29,21,45,35,52,44,73,64,80,34,0,0,0,0,[]
12,41,46,31,53,44,46,68,79,51,63,26,22,45,34,55,43,74,63,80,45,0,0,0,0,[]
13,45,43,35,62,46,50,68,79,52,63,26,23,50,33,56,43,74,64,76,56,0,0,0,0,[]
14,43,44,44,70,46,48,68,79,53,64,29,20,57,26,54,47,76,62,76,62,0,0,0,0,[]
15,49,46,52,75,52,51,69,79,56,67,30,20,52,21,55,44,75,65,74,65,0,0,0,0,[]
16,39,44,52,75,48,49,68,79,57,71,35,22,51,21,59,38,79,73,79,75,0,0,0,0,[]
17,27,38,52,75,50,51,69,81,64,78,45,23,49,22,60,48,80,83,78,81,0,0,0,0,[]
18,24,30,51,75,52,51,70,89,72,86,47,25,48,25,58,48,78,78,81,78,0,0,0,0,[]
19,29,23,50,76,51,53,77,89,79,91,46,25,48,25,52,52,83,84,85,87,0,0,0,0,[]
20,30,21,50,78,48,51,82,84,82,86,39,23,49,26,53,49,86,83,86,84,0,0,0,0,[]
21,23,22,50,79,49,53,79,87,79,86,30,20,52,28,52,50,85,81,87,83,0,0,0,0,[]
22,13,18,55,81,47,53,80,86,85,88,21,13,53,33,52,47,84,83,88,86,0,0,0,0,[]
23,13,17,58,84,49,50,79,89,82,87,17,13,54,31,55,45,81,84,82,85,0,0,0,0,[]
24,14,17,59,84,53,50,75,90,76,91,18,13,54,32,54,45,82,85,83,89,0,0,0,0,[]
25,15,16,56,84,51,49,73,89,72,89,15,11,56,33,56,45,80,87,82,88,0,0,0,0,[]
26,14,17,51,83,52,47,74,88,73,89,19,14,65,40,56,41,80,87,81,89,0,0,0,0,[]
27,13,19,50,82,54,46,71,91,73,90,16,12,71,48,58,43,78,87,79,88,0,0,0,0,[]
28,13,16,47,71,55,47,72,91,72,89,17,13,77,52,61,43,78,86,79,89,0,0,0,0,[]
29,13,20,44,68,53,46,71,91,72,90,17,13,78,55,56,42,79,87,79,88,0,0,0,0,[]
30,14,19,42,67,55,47,73,90,72,89,15,14,79,55,57,44,79,86,79,88,0,0,0,0,[]
31,12,19,42,67,54,50,72,89,71,90,16,15,79,54,54,41,79,88,79,89,0,0,0,0,[]
32,16,20,33,60,53,48,75,89,75,88,19,18,80,54,55,44,82,86,81,85,0,0,0,0,[]
33,11,19,27,50,53,48,76,88,77,88,17,16,82,55,56,44,81,85,79,83,0,0,0,0,[]
34,13,21,20,45,55,53,75,88,75,89,17,13,80,53,55,44,82,85,79,84,0,0,0,0,[]
35,10,18,23,41,53,49,74,88,74,88,16,15,74,43,58,47,80,86,80,85,0,0,0,0,[]
36,12,23,24,37,52,50,75,88,75,90,16,15,76,45,54,43,81,86,79,85,0,0,0,0,[]
37,11,22,21,28,50,50,75,89,75,89,15,14,76,48,53,43,81,85,79,83,0,0,0,0,[]
38,11,21,30,35,47,52,77,87,78,88,18,14,77,49,50,49,82,84,83,89,0,0,0,0,[]
39,11,20,33,38,48,51,77,86,78,87,18,13,76,59,54,48,83,85,82,88,0,0,0,0,[]
40,12,18,32,37,47,52,74,89,75,89,22,11,67,62,53,49,81,85,80,91,0,0,0,0,[]
41,14,16,39,38,47,53,75,87,75,90,21,12,62,61,54,50,80,86,81,87,0,0,0,0,[]
42,16,16,38,29,45,54,74,88,75,90,21,11,58,56,50,51,80,86,81,87,0,0,0,0,[]
43,17,13,31,20,46,53,76,88,77,90,23,10,60,60,51,53,82,85,83,85,0,0,0,0,[]
44,14,15,29,21,44,55,79,87,80,86,26,10,60,60,53,51,83,83,85,84,0,0,0,0,[]
45,16,14,28,34,39,58,79,89,79,88,37,14,84,6,55,56,82,83,84,84,0,0,0,0,[]
46,20,13,20,44,41,56,78,88,77,87,29,11,73,7,55,56,83,82,86,84,0,0,0,0,[]
47,21,12,15,44,42,57,79,88,75,88,28,9,62,8,88,8,84,82,85,82,0,0,0,0,[]
48,25,16,17,45,44,50,79,86,77,87,28,9,50,10,80,17,84,83,84,84,0,0,0,0,[]
49,24,11,18,47,47,52,77,88,72,83,27,9,42,17,72,25,83,82,85,83,0,0,0,0,[]
50,22,11,24,55,48,50,81,84,79,87,27,8,44,15,64,35,83,80,86,81,0,0,0,0,[]
51,16,15,24,56,43,52,84,86,81,84,23,11,45,14,56,43,87,81,86,81,0,0,0,0,[]
52,19,14,25,56,43,53,83,86,81,85,23,9,43,15,46,47,87,82,83,80,0,0,0,0,[]
53,17,13,25,56,44,53,81,88,80,87,24,11,39,15,43,39,85,82,82,81,0,0,0,0,[]
54,19,15,6,96,2,96,82,87,82,87,23,10,39,16,51,44,86,82,84,82,0,0,0,0,[]
55,19,13,8,95,5,91,82,87,80,85,26,11,48,19,51,44,84,81,87,84,0,0,0,0,[]
56,17,12,18,94,13,81,80,86,80,85,21,12,52,30,54,44,85,82,86,83,0,0,0,0,[]
57,18,16,30,93,21,74,81,86,82,87,22,10,53,34,54,46,86,80,87,82,0,0,0,0,[]
58,16,15,41,92,29,66,82,82,82,84,21,12,54,31,54,45,88,79,88,82,0,0,0,0,[]
59,18,14,51,88,38,59,81,84,88,84,23,9,59,35,56,43,87,78,89,80,0,0,0,0,[]
60,18,12,57,84,46,52,83,83,88,84,23,10,67,43,53,44,88,76,90,77,0,0,0,0,[]
61,21,13,58,83,54,55,81,89,82,83,25,9,66,55,54,45,87,74,91,77,0,0,0,0,[]
62,22,11,60,84,51,50,2,96,81,88,26,9,57,64,53,43,89,78,87,84,0,0,0,0,[]
63,23,11,63,83,46,53,5,96,84,83,28,9,48,57,47,51,88,70,89,78,0,0,0,0,[]
64,21,10,68,81,43,54,87,80,86,77,27,11,50,53,50,49,90,62,90,73,0,0,0,0,[]
65,24,10,60,73,46,55,88,77,87,77,28,8,56,56,52,46,90,62,88,71,0,0,0,0,[]
66,23,11,55,68,46,58,90,76,83,78,29,8,60,59,51,49,95,4,88,71,0,0,0,0,[]
67,23,11,54,66,47,53,88,77,77,73,28,8,59,62,52,49,91,69,87,72,0,0,0,0,[]
68,17,15,55,64,47,53,80,80,75,70,22,12,63,61,50,47,88,76,87,75,0,0,0,0,[]
69,16,17,52,66,45,54,83,84,79,77,19,12,62,61,49,49,86,77,89,80,0,0,0,0,[]
70,19,15,51,66,44,54,80,85,81,84,21,12,55,63,47,50,85,78,86,85,0,0,0,0,[]
71,16,17,53,65,44,58,80,87,81,90,19,11,55,65,54,55,83,81,86,84,0,0,0,0,[]
72,14,19,44,67,42,59,81,85,83,83,16,16,47,67,52,64,83,80,85,80,0,0,0,0,[]
73,9,23,40,65,42,58,85,77,85,79,14,18,48,65,47,64,90,72,87,75,0,0,0,0,[]
74,11,20,45,67,41,57,88,73,87,78,15,19,50,65,49,59,90,71,87,75,0,0,0,0,[]
75,10,22,39,65,42,57,88,73,80,85,14,17,58,69,48,54,90,71,86,76,0,0,0,0,[]
76,8,25,31,57,42,56,88,73,77,89,14,20,66,77,49,54,90,71,88,77,0,0,0,0,[]
77,7,30,32,46,42,56,4,96,77,89,21,29,73,71,59,61,94,11,88,76,0,0,0,0,[]
78,8,27,38,38,42,54,17,94,8,95,23,37,70,64,65,64,93,22,87,73,0,0,0,0,[]
79,7,30,42,35,43,55,28,93,7,94,28,38,67,61,55,61,93,32,87,73,0,0,0,0,[]
80,7,30,40,25,42,56,39,92,20,89,32,45,74,60,47,55,91,43,95,5,0,0,0,0,[]
81,3,91,43,19,42,54,53,91,29,82,36,49,82,57,44,55,90,54,90,15,0,0,0,0,[]
82,3,91,46,24,42,54,63,90,38,74,45,51,82,56,50,53,88,64,88,26,0,0,0,0,[]
83,39,57,43,24,42,54,74,87,47,68,49,43,82,57,58,45,89,73,89,39,0,0,0,0,[]
84,46,51,36,23,42,54,83,82,58,70,49,43,82,57,62,42,87,74,89,51,0,0,0,0,[]
85,49,52,25,25,7,87,87,80,67,78,93,4,95,4,62,42,88,72,88,63,0,0,0,0,[]
86,49,49,23,35,15,80,86,83,77,76,88,5,82,5,90,6,87,75,87,74,0,0,0,0,[]
87,41,41,19,44,23,72,87,81,86,78,75,6,71,7,82,13,90,75,87,73,0,0,0,0,[]
88,36,36,17,45,30,65,87,81,85,80,62,7,60,8,73,23,90,74,88,73,0,0,0,0,[]
89,26,29,18,46,39,58,86,80,85,79,48,8,49,10,66,33,90,73,89,73,0,0,0,0,[]
90,20,21,21,53,44,49,86,81,87,82,34,10,42,17,56,44,88,73,91,75,0,0,0,0,[]
91,13,19,26,58,38,42,85,82,86,81,22,13,42,16,56,47,88,74,90,77,0,0,0,0,[]
92,15,19,28,59,47,47,83,84,84,83,17,12,43,16,57,47,88,79,89,83,0,0,0,0,[]
93,13,16,28,59,49,49,82,85,84,88,19,15,41,16,55,47,87,78,88,82,0,0,0,0,[]
94,18,14,5,96,46,53,82,85,87,86,20,9,35,13,51,44,87,77,89,81,0,0,0,0,[]
95,15,20,20,94,42,56,80,85,79,89,15,15,26,12,54,51,87,79,87,85,0,0,0,0,[]
96,12,19,31,91,43,53,79,87,71,83,16,16,23,13,50,49,84,78,85,78,0,0,0,0,[]
97,12,23,41,88,44,56,76,90,76,89,15,19,14,10,51,53,83,82,85,85,0,0,0,0,[]
98,9,23,47,79,43,54,78,86,79,85,13,19,10,13,49,50,84,85,84,83,0,0,0,0,[]
99,8,24,52,75,45,54,79,89,77,87,13,19,11,19,52,52,84,83,84,83,0,0,0,0,[]
100,7,29,55,76,45,55,79,89,77,87,17,22,18,23,50,49,84,83,84,81,0,0,0,0,[]
101,11,32,66,77,52,50,78,85,79,84,26,31,29,22,55,44,85,81,90,81,0,0,0,0,[]
102,18,33,72,77,47,53,79,77,80,78,36,40,38,27,50,49,88,78,87,82,0,0,0,0,[]
103,23,33,73,68,46,55,84,82,86,84,42,45,42,32,51,49,88,75,90,79,0,0,0,0,[]
104,18,24,74,61,46,54,84,85,83,87,42,45,48,34,50,50,87,79,90,81,0,0,0,0,[]
105,17,17,64,63,46,59,79,87,78,86,46,56,49,43,47,58,86,80,87,85,0,0,0,0,[]
106,16,14,53,65,46,59,80,86,80,89,42,44,55,54,48,58,88,84,87,85,0,0,0,0,[]
107,17,15,42,67,46,59,78,85,79,89,38,29,49,66,42,59,87,83,87,83,0,0,0,0,[]
108,17,15,39,63,46,59,78,86,68,89,30,19,40,65,41,65,87,82,84,86,0,0,0,0,[]
109,5,85,40,60,3,96,79,86,57,85,25,7,39,63,40,65,83,82,86,84,0,0,0,0,[]
110,6,74,47,59,15,90,72,88,50,78,22,10,48,67,40,65,83,81,86,86,0,0,0,0,[]
111,7,61,49,66,35,76,66,79,57,70,19,12,52,63,40,65,80,81,80,83,0,0,0,0,[]
112,9,50,48,65,47,67,60,71,56,60,21,11,56,58,40,65,80,81,74,73,0,0,0,0,[]
113,10,37,46,64,48,57,62,82,54,57,22,10,57,56,40,65,78,83,76,75,0,0,0,0,[]
114,11,26,47,73,49,50,67,90,53,55,22,10,57,56,95,4,72,89,77,85,0,0,0,0,[]
115,10,27,56,83,50,50,67,91,50,59,86,5,57,56,85,12,72,89,68,91,0,0,0,0,[]
116,9,27,65,88,58,56,62,91,57,69,73,6,93,10,79,22,66,88,64,90,0,0,0,0,[]
117,9,25,63,86,66,67,62,91,65,77,60,7,87,20,70,31,66,88,63,83,0,0,0,0,[]
118,11,25,65,83,69,82,62,91,69,84,47,11,81,31,61,39,66,88,68,83,0,0,0,0,[]
119,9,24,59,83,71,86,2,96,70,88,35,16,80,43,56,45,66,88,69,84,0,0,0,0,[]
120,11,23,57,83,79,84,11,91,66,90,24,23,77,54,50,48,94,10,69,84,0,0,0,0,[]
121,16,20,59,83,86,78,21,81,66,90,20,26,73,64,50,47,93,21,69,84,0,0,0,0,[]
122,14,19,54,83,86,78,28,73,5,94,20,23,70,67,50,51,92,32,69,84,0,0,0,0,[]
123,13,19,54,83,84,79,34,64,9,92,16,15,71,66,60,60,91,42,94,6,0,0,0,0,[]
124,11,19,3,95,77,86,39,58,20,86,16,17,75,66,66,57,90,53,88,17,0,0,0,0,[]
125,11,21,3,93,77,86,39,55,31,80,16,16,74,55,72,52,90,64,83,28,0,0,0,0,[]
126,10,27,5,87,4,93,38,56,40,72,13,19,76,54,75,52,89,69,81,40,0,0,0,0,[]
127,11,27,9,75,10,84,3,96,51,68,11,21,82,56,63,50,91,71,78,52,0,0,0,0,[]
128,10,27,10,63,19,74,17,95,58,70,10,21,80,54,49,50,89,74,74,60,0,0,0,0,[]
129,11,26,11,50,27,68,29,94,64,77,10,21,78,51,49,52,87,76,76,71,0,0,0,0,[]
130,8,28,15,43,36,61,41,92,73,85,17,19,73,44,46,51,87,74,79,75,0,0,0,0,[]
131,11,29,17,45,31,56,53,91,81,89,20,22,72,42,49,52,87,74,88,77,0,0,0,0,[]
132,19,34,23,48,28,50,65,89,88,83,11,17,61,36,47,52,88,74,90,78,0,0,0,0,[]
133,11,31,22,53,37,50,76,86,81,89,11,21,53,36,44,49,85,79,88,85,0,0,0,0,[]
134,10,25,26,59,40,57,74,87,71,84,11,19,53,33,45,54,83,79,86,85,0,0,0,0,[]
135,8,26,33,62,44,55,80,84,80,88,16,19,43,33,53,50,88,80,87,84,0,0,0,0,[]
136,9,29,43,69,51,62,81,85,83,86,22,31,38,37,50,42,88,79,85,78,0,0,0,0,[]
137,11,32,53,76,50,59,78,87,83,89,20,35,37,42,50,47,84,80,86,80,0,0,0,0,[]
138,8,28,65,77,47,54,80,85,82,84,18,21,38,38,49,49,85,78,88,81,0,0,0,0,[]
139,6,31,71,78,44,53,79,87,84,88,13,21,34,30,48,47,85,79,88,80,0,0,0,0,[]
140,8,24,71,81,49,53,80,84,81,85,14,20,33,28,51,46,88,80,88,84,0,0,0,0,[]
141,10,27,71,78,54,54,79,86,82,85,14,21,31,30,52,44,86,82,82,80,0,0,0,0,[]
142,8,30,75,75,62,62,80,81,82,85,24,29,34,30,45,40,89,79,87,78,0,0,0,0,[]
143,7,28,67,69,53,56,81,86,80,86,31,31,34,29,48,41,86,82,84,80,0,0,0,0,[]
144,7,31,65,71,48,53,72,83,72,82,25,29,34,31,48,48,84,80,83,80,0,0,0,0,[]
145,13,22,65,70,49,54,67,73,70,75,18,19,31,32,48,48,83,82,81,81,0,0,0,0,[]
146,11,20,66,66,49,52,68,69,70,79,16,15,31,34,50,46,81,81,79,76,0,0,0,0,[]
147,10,21,54,64,56,60,66,74,73,85,15,17,90,5,46,39,82,80,81,79,0,0,0,0,[]
148,9,23,48,66,48,54,70,84,72,90,16,13,78,12,43,38,82,79,82,81,0,0,0,0,[]
149,9,29,47,66,48,53,69,91,73,91,7,18,67,18,49,43,84,78,79,82,0,0,0,0,[]
150,8,32,50,59,47,55,71,90,71,92,7,19,57,23,49,47,94,7,87,85,0,0,0,0,[]
151,10,27,53,63,45,52,77,88,80,90,10,20,48,24,50,47,93,19,88,83,0,0,0,0,[]
152,9,21,56,75,48,52,82,83,86,84,15,17,45,23,46,41,92,30,90,81,0,0,0,0,[]
153,11,23,58,83,48,55,86,84,89,82,15,16,42,18,46,40,91,42,91,77,0,0,0,0,[]
154,10,23,56,84,48,56,90,75,87,81,17,11,41,18,93,4,90,54,93,70,0,0,0,0,[]
155,10,33,58,83,48,57,91,75,85,88,17,9,42,16,82,12,89,65,93,70,0,0,0,0,[]
156,10,29,59,83,49,52,84,83,85,87,94,4,40,17,73,22,87,73,91,75,0,0,0,0,[]
157,10,29,59,83,45,55,78,87,84,88,81,5,30,19,65,33,86,81,88,84,0,0,0,0,[]
158,11,24,8,95,40,58,79,87,80,89,67,7,25,29,58,42,84,81,88,82,0,0,0,0,[]
159,11,20,21,90,40,58,74,89,65,88,54,8,30,38,55,45,83,81,86,86,0,0,0,0,[]
160,12,16,33,87,8,86,74,88,65,88,41,9,28,36,47,52,80,83,84,86,0,0,0,0,[]
161,11,19,44,83,19,75,68,90,5,96,27,12,20,26,46,51,76,87,76,90,0,0,0,0,[]
162,9,28,57,84,30,67,68,93,18,95,18,12,19,24,44,51,74,91,73,88,0,0,0,0,[]
163,8,30,57,84,39,59,72,91,32,93,15,16,19,24,36,42,77,89,77,88,0,0,0,0,[]
164,5,43,51,73,40,55,72,90,45,91,14,19,16,21,26,33,80,85,80,82,0,0,0,0,[]
165,5,49,48,73,33,49,74,90,56,85,11,23,8,23,17,23,82,82,80,76,0,0,0,0,[]
166,5,49,41,67,44,52,71,87,68,80,7,27,6,28,18,22,86,80,80,76,0,0,0,0,[]
167,5,89,45,57,53,47,68,78,73,71,9,23,7,28,31,22,87,74,91,11,0,0,0,0,[]
168,6,74,55,47,55,47,60,73,69,61,7,28,7,29,45,27,87,70,83,20,0,0,0,0,[]
169,7,61,58,44,57,46,60,73,68,49,7,30,9,31,56,32,86,77,75,27,0,0,0,1,[]
170,10,47,58,48,55,47,2,96,66,50,18,34,19,35,56,43,83,81,62,43,0,0,0,1,[]
171,8,47,54,56,54,51,6,95,66,55,28,38,29,38,53,42,84,81,59,46,0,0,0,1,[]
172,7,46,57,59,53,55,71,90,65,56,38,43,41,45,49,49,78,75,60,51,0,0,0,1,[]
173,6,45,47,64,53,63,71,88,56,62,45,47,47,55,46,54,69,67,56,54,0,0,0,1,[]
174,10,47,42,67,40,60,65,79,46,65,45,54,45,56,46,55,70,68,58,58,0,0,0,1,[]
175,18,46,41,60,38,58,53,76,47,64,45,48,54,63,57,60,79,74,65,61,0,0,0,1,[]
176,11,33,28,58,39,57,63,77,47,72,37,41,56,67,54,57,84,81,65,71,0,0,0,1,[]
177,9,23,24,56,40,59,71,83,55,76,27,31,56,67,54,57,83,82,72,69,0,0,0,1,[]
178,11,32,18,46,38,49,76,88,55,76,27,19,95,7,91,7,83,83,80,78,0,0,0,1,[]
179,21,38,14,41,44,53,73,90,55,76,22,12,91,13,80,17,81,81,78,80,0,0,0,1,[]
180,21,30,19,35,48,50,70,92,14,92,22,12,85,24,69,29,78,81,78,79,0,0,0,1,[]
181,18,24,22,37,42,53,73,91,25,85,26,10,80,36,60,39,80,85,84,87,0,0,0,1,[]
182,15,18,24,32,42,53,74,90,36,77,29,8,74,44,55,45,81,85,82,89,0,0,0,1,[]
183,18,18,35,38,35,48,72,90,51,83,29,10,78,49,56,57,80,85,80,89,0,0,0,1,[]
184,24,13,41,45,40,51,70,89,63,87,28,10,76,60,56,65,76,87,77,89,0,0,0,1,[]
185,26,12,46,42,47,52,68,91,69,89,31,7,71,68,53,54,73,86,75,89,0,0,0,1,[]
186,25,12,46,42,47,51,64,90,64,93,33,6,60,62,53,51,74,87,74,86,0,0,0,1,[]
187,17,15,46,42,47,52,56,85,56,85,33,6,54,59,52,51,75,87,75,88,0,0,0,1,[]
188,16,15,46,42,55,50,51,85,49,81,89,4,56,60,60,51,74,87,71,87,0,0,0,1,[]
189,17,13,51,52,52,54,50,80,49,77,76,6,54,55,61,57,73,90,70,91,0,0,0,1,[]
190,19,16,45,54,44,53,47,72,42,67,54,61,49,55,49,59,73,90,68,80,0,0,0,1,[]
191,46,57,51,54,50,53,50,66,45,58,63,59,58,57,64,57,73,90,61,76,0,0,0,1,[]
192,52,50,55,56,50,49,51,53,51,52,66,48,68,54,67,43,72,88,71,76,0,0,0,2,[]
193,56,48,59,44,54,43,57,47,55,50,62,41,73,53,59,39,73,88,69,65,0,0,0,2,[]
194,50,47,52,51,47,48,52,52,50,49,61,37,76,52,67,41,77,90,72,63,0,1,0,2,[]
195,37,40,51,64,36,49,47,65,39,50,52,27,79,51,70,48,77,90,73,62,0,1,0,2,[]
196,33,38,45,65,20,49,48,78,39,50,43,15,83,56,62,39,93,8,95,4,0,1,0,2,[]
197,25,37,45,66,19,47,49,90,4,95,31,12,81,55,55,45,91,11,93,9,0,1,0,2,[]
198,25,37,45,66,23,52,53,90,16,89,19,14,81,55,49,51,82,20,84,19,0,1,0,2,[]
199,5,92,5,96,31,57,63,90,28,83,13,17,90,6,52,50,72,28,74,28,0,1,0,2,[]
200,6,82,17,88,38,58,70,89,39,76,13,19,86,8,56,46,60,33,65,36,0,1,0,2,[]
201,7,67,29,81,35,60,70,90,50,79,18,21,76,17,56,46,50,33,55,44,0,1,0,2,[]
202,7,53,40,77,35,60,69,91,62,77,32,23,69,28,93,10,47,34,49,41,0,1,0,2,[]
203,8,43,54,77,4,91,62,92,55,75,41,31,62,38,92,27,47,39,49,43,0,1,0,2,[]
204,6,42,57,66,15,81,62,92,58,63,44,42,60,49,90,44,49,48,50,50,0,1,0,2,[]
205,14,48,61,62,32,65,8,94,60,63,45,42,65,56,88,61,48,49,51,48,0,1,0,2,[]
206,27,51,53,66,39,57,19,86,50,65,55,48,61,61,89,75,55,54,62,52,0,1,0,2,[]
207,42,53,56,61,51,54,31,80,56,60,63,52,65,57,87,75,58,50,57,47,0,1,0,2,[]
208,51,56,60,61,54,54,41,71,60,58,66,50,66,49,84,64,59,45,54,46,0,1,0,2,[]
209,54,50,63,57,56,50,51,63,57,55,62,41,59,47,77,50,57,44,55,44,0,1,0,2,[]
210,53,54,66,56,52,54,51,54,61,58,55,45,55,45,65,50,52,45,55,46,0,1,0,2,[]
211,51,54,58,56,58,58,46,56,56,55,53,51,49,51,49,55,52,50,53,52,0,1,0,2,[]
212,51,54,51,49,53,53,49,52,52,47,55,46,51,46,51,49,52,44,51,49,0,1,0,2,[]
213,51,54,56,42,55,47,54,44,52,43,59,42,57,39,51,49,54,42,51,49,0,1,0,2,[]
214,51,54,64,38,55,47,60,37,63,37,63,37,62,33,51,49,54,42,51,49,0,1,0,2,[]
215,51,54,59,44,55,47,61,39,57,41,62,36,62,33,51,49,54,42,51,49,0,1,0,2,[]
216,51,54,66,55,55,47,58,35,57,40,62,36,62,33,51,49,54,42,51,49,0,1,0,2,[]
217,51,54,65,71,55,47,61,35,64,34,62,36,62,33,51,49,54,42,51,49,0,1,0,2,[]
218,51,54,65,71,55,47,61,36,64,33,62,36,62,33,51,49,54,42,51,49,0,1,0,2,[]
219,4,93,64,72,55,47,52,44,56,40,62,36,62,33,51,49,54,42,90,13,0,1,0,2,[]
220,6,78,64,71,55,47,49,47,48,49,62,36,62,33,92,7,88,7,80,20,0,1,0,2,[]
221,7,64,63,71,4,93,3,96,43,55,62,36,88,15,84,21,77,14,71,29,0,1,0,2,[]
222,8,49,63,71,14,80,8,94,38,58,95,4,79,24,72,30,70,26,59,33,0,1,0,2,[]
223,8,36,6,95,26,71,20,83,2,96,84,11,70,33,56,32,61,34,59,40,0,1,0,2,[]
224,15,32,17,86,37,61,33,79,2,96,84,24,72,43,51,33,52,44,53,48,0,1,0,2,[]
225,8,27,22,74,46,52,46,73,14,89,81,37,69,42,39,30,49,43,52,55,0,1,0,2,[]
226,9,28,31,62,52,54,46,72,26,83,80,50,67,48,27,23,50,32,52,47,0,1,0,2,[]
227,7,38,24,57,53,50,48,67,37,75,74,62,65,57,15,19,53,28,56,40,0,1,0,2,[]
228,7,38,22,54,54,48,51,63,48,68,74,75,70,65,19,18,57,33,59,39,0,1,0,2,[]
229,5,95,14,43,41,44,49,66,52,60,70,79,69,66,16,15,58,39,59,41,0,1,0,2,[]
230,18,88,14,41,28,37,51,63,44,50,74,87,63,61,17,11,53,43,52,43,0,1,0,2,[]
231,33,89,20,27,12,34,44,53,40,51,81,84,66,54,27,12,56,43,51,42,0,1,0,2,[]
232,49,88,20,26,12,25,41,56,33,44,75,78,56,46,28,23,51,41,50,43,0,1,0,2,[]
233,54,83,20,27,19,21,45,53,27,35,63,75,45,40,39,30,49,43,49,42,0,1,0,2,[]
234,58,90,20,24,18,14,44,55,21,29,56,67,44,43,41,44,49,43,51,46,0,1,0,2,[]
235,54,86,26,29,20,13,41,57,31,31,56,67,42,39,40,34,49,48,50,50,0,1,0,2,[]
236,53,85,33,27,23,13,41,57,32,28,56,67,42,32,35,18,51,46,52,49,0,1,0,2,[]
237,46,82,29,32,25,10,38,58,26,29,61,62,42,18,29,6,46,38,46,38,0,1,0,2,[]
238,40,73,29,21,27,11,32,54,30,18,73,71,39,15,28,6,46,38,41,30,0,1,0,2,[]
239,32,66,31,21,26,11,33,41,31,21,78,83,37,15,31,6,91,6,36,16,0,1,0,2,[]
240,46,73,42,32,22,12,39,39,36,24,74,89,41,15,37,13,86,9,35,13,0,1,0,2,[]
241,53,86,47,38,22,13,48,48,45,23,74,89,50,19,37,13,78,19,40,16,0,1,0,2,[]
242,59,91,47,35,26,10,44,42,39,26,70,82,48,22,40,15,67,28,43,18,0,1,0,2,[]
243,53,92,47,35,20,13,42,41,40,36,60,72,52,30,35,10,61,37,45,16,0,2,0,2,[]
244,56,93,43,44,23,27,42,41,34,39,57,68,54,32,43,11,56,41,95,4,0,2,0,2,[]
245,53,93,49,51,21,24,11,91,34,39,57,68,54,32,48,20,58,40,83,12,0,2,0,2,[]
246,53,93,49,51,19,13,25,78,11,91,91,15,92,8,47,17,55,43,73,22,0,2,0,2,[]
247,12,91,49,51,20,13,34,68,22,79,88,30,86,17,35,13,56,42,65,33,0,2,0,2,[]
248,25,77,42,59,16,18,44,58,30,68,89,43,76,25,30,10,56,40,58,42,0,2,0,2,[]
249,35,65,42,59,16,18,50,49,40,59,88,57,65,26,38,9,58,42,58,40,0,2,0,2,[]
250,39,54,9,85,11,85,45,53,42,46,87,70,54,31,45,9,57,42,58,41,0,2,0,2,[]
251,43,57,21,74,22,74,47,51,42,41,84,81,42,32,46,11,55,42,54,42,0,2,0,2,[]
252,41,53,35,62,34,66,47,51,40,40,77,88,47,33,95,4,54,46,53,47,0,2,0,2,[]
253,51,46,44,52,47,72,50,46,42,41,77,89,48,34,80,17,58,42,58,41,0,2,0,2,[]
254,54,46,57,48,54,84,53,44,51,43,76,78,53,37,68,30,60,40,59,38,0,2,0,2,[]
255,53,56,66,47,65,89,55,47,59,49,69,67,51,34,64,41,58,39,59,39,0,2,0,2,[]
256,50,55,67,55,71,84,48,56,57,58,62,61,42,40,55,50,55,48,54,47,0,2,0,2,[]
257,49,53,62,63,61,74,51,61,55,62,58,60,49,51,58,63,56,55,53,53,0,2,0,2,[]
258,42,51,56,57,56,61,54,57,55,62,59,48,44,52,59,62,46,53,45,52,0,2,0,2,[]
259,39,49,44,53,45,54,44,52,55,62,63,36,40,49,59,62,43,52,45,52,0,2,0,2,[]
260,45,49,31,43,44,46,45,49,55,62,71,26,39,49,59,62,43,52,45,52,0,2,0,2,[]
261,36,38,27,35,32,35,35,39,55,62,79,15,39,49,59,62,43,52,45,52,0,2,0,2,[]
262,29,33,34,31,30,33,34,33,55,62,90,7,39,49,59,62,43,52,45,52,0,2,0,2,[]
263,32,34,32,31,31,34,32,33,55,62,92,8,39,49,59,62,43,52,45,52,0,2,0,2,[]
264,29,32,32,31,26,36,34,33,7,88,82,21,39,49,59,62,43,52,45,52,0,2,0,2,[]
265,31,35,31,31,22,43,39,40,18,76,71,30,39,49,59,62,43,52,95,4,0,2,0,2,[]
266,2,96,31,32,19,45,49,46,29,67,67,42,39,49,95,4,43,52,85,18,0,2,0,2,[]
267,4,96,12,92,21,54,51,47,39,58,75,49,92,9,82,22,84,16,78,25,0,2,0,2,[]
268,19,83,26,85,22,55,5,95,45,57,82,60,84,24,67,44,74,27,63,38,0,2,0,2,[]
269,30,71,37,75,7,95,47,52,53,60,89,71,80,37,75,52,66,38,59,41,0,2,0,2,[]
270,40,61,47,66,22,79,50,47,56,61,87,72,74,44,74,52,69,41,58,42,0,2,0,2,[]
271,51,51,50,65,38,61,53,46,58,55,83,61,81,54,80,47,61,38,60,40,0,2,0,2,[]
272,61,43,55,54,50,49,62,40,61,52,80,51,80,52,79,38,67,34,67,36,0,2,0,2,[]
273,62,40,57,43,64,38,65,36,69,43,79,38,79,39,69,30,67,30,71,32,0,2,0,2,[]
274,66,34,59,40,70,33,67,33,67,39,80,29,78,28,76,28,75,23,77,29,0,3,0,2,[]
275,70,32,69,32,73,30,69,29,75,33,82,28,76,26,75,24,74,21,71,22,0,3,0,2,[]
276,71,32,66,26,71,32,72,30,78,32,82,28,76,23,76,20,75,20,71,21,0,3,0,2,[]
277,69,32,66,26,66,28,67,29,75,33,79,29,75,24,70,16,75,20,70,18,0,3,0,2,[]
278,69,26,73,23,70,25,68,28,74,27,80,23,76,21,77,20,76,19,76,19,0,3,0,2,[]
279,72,19,76,17,74,16,73,19,79,22,81,16,80,15,84,18,83,15,85,19,0,3,0,2,[]
280,71,22,73,24,72,22,71,22,75,27,76,17,80,22,79,25,79,24,80,20,0,4,0,2,[]
281,70,30,64,36,69,31,68,30,68,33,76,25,82,21,79,29,79,27,77,28,0,4,0,2,[]
282,75,24,63,38,76,27,78,26,72,22,79,19,91,10,78,33,83,24,83,25,0,4,0,2,[]
283,78,25,73,29,77,27,77,24,79,26,82,21,92,10,82,28,84,22,87,27,0,4,0,2,['23:34 WExiye(元素女皇) 击杀了 IGJackeyLove(探险家)']
284,72,25,73,27,73,27,77,24,74,23,80,23,81,23,82,28,80,23,87,27,0,4,0,2,[]
285,76,28,81,21,76,28,77,24,75,22,79,27,81,23,82,28,80,23,87,27,0,4,0,2,[]
286,78,27,81,26,79,26,77,24,81,25,76,28,82,28,82,28,79,25,87,27,0,4,0,2,['23:48 IGTheShy(天启者) 击杀了 WEPoss(机械公敌)']
287,84,19,86,18,86,19,77,24,85,19,76,28,82,28,82,28,79,25,87,27,0,4,0,2,[]
288,85,17,88,16,85,16,77,24,85,14,76,28,82,28,82,28,79,25,87,27,0,4,0,2,[]
289,83,15,85,13,91,12,77,24,86,10,76,28,82,28,82,28,79,25,87,27,0,6,0,2,[]
290,84,16,85,13,92,11,77,24,86,9,76,28,82,28,82,28,79,25,95,4,0,6,0,2,[]
291,84,16,85,13,92,11,77,24,86,9,76,28,82,28,82,28,79,25,95,4,0,6,0,2,[]
